,f1_mean,f1_std,roc_auc_mean,roc_auc_std,auprc_mean,auprc_std,accuracy_mean,accuracy_std,precision_mean,precision_std,recall_mean,recall_std,specificity_mean,specificity_std,mcc_mean,mcc_std,prevalence_mean,prevalence_std,fold_mean,fold_std
ABCA12,0.379505135,0.088851162,0.689172234,0.049072195,0.362679666,0.071771102,0.667484806,0.054986271,0.284504505,0.082600902,0.593372167,0.10751911,0.684903007,0.054180602,0.218123115,0.111441556,0.172931276,0.039764707,3,1.58113883
ABCA13,0.304943847,0.102101162,0.614466791,0.092672962,0.280286781,0.085474324,0.615661524,0.043119283,0.225731523,0.078716965,0.474210526,0.143134912,0.643081056,0.041504586,0.096551538,0.119881735,0.17713885,0.031284276,3,1.58113883
ABCA4,0.301285858,0.071097677,0.672867748,0.058348695,0.29736061,0.102749844,0.686792894,0.045508746,0.218713324,0.070155811,0.524777184,0.071886938,0.713571074,0.059425171,0.173565782,0.067443596,0.129569892,0.034751184,3,1.58113883
ABCB5,0.239023948,0.105244703,0.611435395,0.065796467,0.259172964,0.099029513,0.622019635,0.046521102,0.170195791,0.082759829,0.413730159,0.132923951,0.653656785,0.040082592,0.055618208,0.120124321,0.140322581,0.035476525,3,1.58113883
ABCC9,0.280603986,0.05497643,0.6547637,0.075002983,0.280491671,0.078581318,0.669611968,0.028114505,0.201387521,0.043866942,0.477838828,0.097737697,0.700759276,0.041817564,0.131194126,0.062657837,0.136138382,0.018686151,3,1.58113883
ACAN,0.350242165,0.049431883,0.6743298,0.08433113,0.332161429,0.073212708,0.652197288,0.049198045,0.253849455,0.039568731,0.571428571,0.089919893,0.66908871,0.048074557,0.183509468,0.088383079,0.164165498,0.017940074,3,1.58113883
ACSM2B,0.285355781,0.062580608,0.654620581,0.026354421,0.282434342,0.088115335,0.682515194,0.030034626,0.206449275,0.055246436,0.504166667,0.12876281,0.713354626,0.036797985,0.149707599,0.061321038,0.133987845,0.044457054,3,1.58113883
ADAM18,0.343708335,0.073222701,0.62086903,0.051106569,0.321273903,0.127681367,0.650116877,0.02568991,0.265377789,0.07311892,0.509722383,0.080501128,0.683605863,0.029012344,0.155633008,0.073318312,0.183567087,0.045050878,3,1.58113883
ADAM28,0.322431832,0.12591826,0.670009205,0.141723811,0.277870444,0.157309304,0.689060309,0.063497729,0.222661189,0.099299619,0.614025974,0.139341027,0.698197136,0.05941043,0.220619737,0.142639212,0.116736793,0.028505351,3,1.58113883
ADAM29,0.303491639,0.123294063,0.658833822,0.11734392,0.295240987,0.162664524,0.652080411,0.04896063,0.208241465,0.086838808,0.580606061,0.260338129,0.663545398,0.043629191,0.171017295,0.177640678,0.133917719,0.02609035,3,1.58113883
ADAM7,0.320190609,0.079261284,0.624124678,0.054293565,0.299098768,0.074058013,0.665357644,0.041351885,0.237080993,0.061852673,0.507857143,0.152256157,0.69525111,0.055773732,0.156682916,0.105708955,0.157620383,0.01756884,3,1.58113883
ADAMTS18,0.370141885,0.105937733,0.676186228,0.07767205,0.361839814,0.127099215,0.667344554,0.050932544,0.279331818,0.087386349,0.558314054,0.135853514,0.688966815,0.049899876,0.200137756,0.129451462,0.174871435,0.029376901,3,1.58113883
ADAMTS19,0.233107187,0.083747621,0.604600847,0.086395972,0.192768005,0.074824268,0.654488079,0.026470574,0.15571723,0.057408034,0.511269841,0.218611828,0.673902205,0.054814663,0.114677294,0.110099879,0.112155213,0.037382808,3,1.58113883
ADAMTS20,0.380626781,0.06075795,0.673785342,0.030710169,0.379769028,0.085736225,0.658812529,0.022436496,0.30093176,0.077218672,0.5489058,0.079781277,0.690117914,0.040170778,0.195520999,0.05459738,0.196774194,0.051489187,3,1.58113883
ADCY8,0.307089861,0.055460981,0.68972933,0.060228758,0.287381738,0.138955343,0.673913043,0.02379058,0.223182432,0.042880806,0.528244631,0.179699148,0.702918162,0.045361344,0.164939881,0.084907595,0.144763908,0.033227591,3,1.58113883
AHNAK,0.272684358,0.113718544,0.606582221,0.080121339,0.218197786,0.07480379,0.658742403,0.062819558,0.200574088,0.092935081,0.451111111,0.163659184,0.690441763,0.078982174,0.113840912,0.130241594,0.138242169,0.02577323,3,1.58113883
AHNAK2,0.37824315,0.052819786,0.672452478,0.057819349,0.366849735,0.074055122,0.648083216,0.04613032,0.282255996,0.059763116,0.597482566,0.068770557,0.660013804,0.069175188,0.203877043,0.043479624,0.181346424,0.035807186,3,1.58113883
ALMS1,0.298092572,0.064922183,0.70868122,0.07926248,0.316356071,0.143198243,0.676110332,0.025131881,0.205669518,0.051784563,0.603052503,0.210832477,0.690613517,0.057285413,0.192874452,0.083373348,0.123071529,0.037597186,3,1.58113883
ALPK2,0.361888923,0.096808944,0.656164098,0.125234127,0.313715414,0.085028032,0.660939691,0.069065335,0.265350109,0.073343218,0.582484095,0.169103282,0.678812877,0.063095874,0.200034022,0.151389991,0.166362786,0.025389181,3,1.58113883
ANK1,0.265415989,0.085448213,0.662210734,0.060268544,0.263430621,0.101225822,0.656615241,0.036425158,0.185443878,0.084986436,0.545809093,0.078631729,0.675902637,0.050205124,0.14618622,0.056278785,0.118723703,0.048585747,3,1.58113883
ANK2,0.258976681,0.099421329,0.620095617,0.085227479,0.260818253,0.045355296,0.656708742,0.053483822,0.174968876,0.065547561,0.52957265,0.275105887,0.67269512,0.080557282,0.134916278,0.134895179,0.120944367,0.028900718,3,1.58113883
ANK3,0.54041446,0.041883746,0.704736472,0.034384351,0.528113673,0.023549884,0.66084619,0.041571803,0.501532266,0.07414438,0.60434637,0.098702429,0.69734409,0.064045241,0.288921919,0.081577024,0.334992987,0.050758854,3,1.58113883
ANKRD30A,0.392716263,0.108990397,0.668420583,0.090374864,0.406970159,0.137591846,0.661033193,0.063096525,0.315497425,0.092988145,0.523815789,0.138237898,0.696658093,0.050574304,0.189231402,0.152140607,0.209537167,0.022696938,3,1.58113883
ANO4,0.361627706,0.183342379,0.701246147,0.123228018,0.333124206,0.168702822,0.697428705,0.085753924,0.272079772,0.150721406,0.578466387,0.245922745,0.720107008,0.077075257,0.231514605,0.231112756,0.148901356,0.037198495,3,1.58113883
APOB,0.488169249,0.114332919,0.634689646,0.104330062,0.49094789,0.146061536,0.63941094,0.054511171,0.452789543,0.127765023,0.536735093,0.107388461,0.688016277,0.049665344,0.217065378,0.140295409,0.326063581,0.053400814,3,1.58113883
ARAP2,0.246721107,0.132882495,0.62451028,0.127106716,0.236539691,0.135360178,0.663043478,0.06625939,0.181753358,0.132602419,0.485396825,0.163647637,0.693304685,0.084262429,0.122058886,0.142350154,0.120733988,0.055219178,3,1.58113883
ARID2,0.317189349,0.078874956,0.658241624,0.111839652,0.310977103,0.091753019,0.678237494,0.024872578,0.222925515,0.068989353,0.575961538,0.101921061,0.694788537,0.025900422,0.192261437,0.082109016,0.131837307,0.031394488,3,1.58113883
ARMC4,0.461029402,0.040934881,0.764917231,0.056930798,0.478600977,0.073385638,0.715030388,0.053335287,0.357259277,0.052392575,0.675940726,0.124992724,0.728871241,0.052111604,0.321679197,0.09451964,0.185670874,0.048673473,3,1.58113883
ASTN1,0.338324675,0.10482479,0.642670855,0.075008708,0.303313472,0.096901137,0.665310893,0.046136805,0.250458806,0.088381375,0.538888889,0.146366742,0.689912412,0.041834117,0.177302792,0.129049505,0.1599813,0.032857461,3,1.58113883
ASXL3,0.430959848,0.088562804,0.650992056,0.048874085,0.383678401,0.029925456,0.641397849,0.059442314,0.350809137,0.070457005,0.562304348,0.130613408,0.668076542,0.037136192,0.200534497,0.141219069,0.243969144,0.028276227,3,1.58113883
ATP13A5,0.259954233,0.075940138,0.618651472,0.056738075,0.29848095,0.042968568,0.658765778,0.041513042,0.179224574,0.054041538,0.484761905,0.155744136,0.684041579,0.043515339,0.117361256,0.108495183,0.125338943,0.018669914,3,1.58113883
BCLAF1,0.312167183,0.123043632,0.605770318,0.14898735,0.295208441,0.175308705,0.665077139,0.053432729,0.232972534,0.089406432,0.498354978,0.206790832,0.699583366,0.034340257,0.149006454,0.16687954,0.159864423,0.050763833,3,1.58113883
BRAF,0.663829903,0.066327587,0.690025908,0.061107308,0.717080306,0.056399187,0.615334268,0.072086821,0.610072478,0.103517313,0.750001047,0.112049475,0.48416441,0.161366879,0.24344891,0.14894442,0.514142122,0.074141329,3,1.58113883
BRINP1,0.217085974,0.109440364,0.552511879,0.124451907,0.17850947,0.079008801,0.639364189,0.065006,0.149348443,0.07876445,0.436410256,0.192054534,0.668599556,0.066008693,0.070922727,0.149459148,0.11659654,0.036648512,3,1.58113883
BRINP3,0.347402799,0.041531996,0.635137966,0.044922239,0.296748398,0.03805542,0.673702665,0.056040709,0.259819284,0.026762929,0.526333481,0.089556185,0.703122229,0.052506671,0.177810987,0.08728832,0.166362786,0.029594782,3,1.58113883
BSN,0.280665019,0.052845224,0.627604086,0.033299866,0.290255379,0.092885273,0.648083216,0.036208878,0.206111111,0.054020458,0.489355742,0.14062071,0.681554329,0.053641639,0.119297051,0.065181025,0.149111734,0.043007608,3,1.58113883
C6,0.38982473,0.115596999,0.673398819,0.079825619,0.392599259,0.122724696,0.650280505,0.064743786,0.310275974,0.099145416,0.533267974,0.157111798,0.680887269,0.063933532,0.183518163,0.157281363,0.209490416,0.02079781,3,1.58113883
C7,0.310808179,0.058008481,0.636790747,0.0827342,0.302313269,0.096230078,0.66313698,0.045002702,0.226943164,0.044184607,0.499242424,0.09702258,0.693454812,0.037978993,0.144986861,0.089780327,0.153342683,0.026817616,3,1.58113883
C8B,0.253052503,0.025060288,0.635406215,0.077940557,0.241410984,0.106606793,0.643712015,0.03625917,0.171328102,0.026211809,0.507352941,0.082571741,0.664872921,0.034812733,0.112599318,0.05105127,0.123071529,0.035991678,3,1.58113883
CACNA1C,0.310163249,0.07819969,0.695218405,0.066199255,0.290828925,0.077785286,0.665381019,0.041014019,0.219311595,0.059092579,0.541504329,0.147658328,0.686222414,0.039405657,0.165571155,0.111181737,0.140439458,0.022043891,3,1.58113883
CACNA1E,0.421906708,0.062161514,0.658578569,0.083827706,0.383457366,0.108520762,0.665264142,0.046992131,0.353403675,0.09474732,0.54981495,0.058513411,0.700282808,0.074221869,0.220177118,0.064828486,0.224684432,0.048702722,3,1.58113883
CACNA1S,0.310751478,0.050768295,0.646796625,0.104816881,0.294702801,0.077987307,0.665240767,0.041767676,0.220269194,0.030432395,0.549665072,0.166664362,0.688938165,0.029114513,0.165838664,0.111228435,0.144763908,0.039802563,3,1.58113883
CACNA2D3,0.2805969,0.089163636,0.650963498,0.112659121,0.259861008,0.078646338,0.6457223,0.052211895,0.203826854,0.060048395,0.497077922,0.244792061,0.679550951,0.029778903,0.117256309,0.159926123,0.155516597,0.06171139,3,1.58113883
CASR,0.361312477,0.07523354,0.711343711,0.101036465,0.373340186,0.09127674,0.695535297,0.033667284,0.268798298,0.056011275,0.570128205,0.169606923,0.721743344,0.037014641,0.22130043,0.115499109,0.155493221,0.019502993,3,1.58113883
CATSPERB,0.279396882,0.04824061,0.631724689,0.07866885,0.276758454,0.073589659,0.658742403,0.027043641,0.195948228,0.034309838,0.501385281,0.127812854,0.684878942,0.029909752,0.130068171,0.076782856,0.136138382,0.027456207,3,1.58113883
CCDC141,0.308251996,0.08988225,0.661552616,0.051308257,0.302022189,0.083713145,0.669775596,0.056830831,0.226845229,0.079404588,0.509056956,0.085222552,0.696799692,0.068942167,0.158954771,0.090682218,0.142589995,0.031949575,3,1.58113883
CD163,0.3592993,0.101480892,0.605833787,0.072559161,0.379969046,0.08191606,0.615755026,0.095164496,0.286868687,0.094761762,0.489008093,0.106548948,0.651212833,0.089597172,0.119609849,0.170776943,0.21802244,0.037758848,3,1.58113883
CD163L1,0.369180666,0.16839796,0.663733683,0.108669655,0.386653685,0.168641431,0.671809257,0.083365087,0.291091182,0.151131211,0.525,0.160294867,0.699224904,0.079242589,0.193582614,0.190617462,0.179523142,0.058056724,3,1.58113883
CDH10,0.275571752,0.067938652,0.640728671,0.077516784,0.291436761,0.085752907,0.658882655,0.052006844,0.19037675,0.053163351,0.527339327,0.147297344,0.680040129,0.065685304,0.143202545,0.090862467,0.125245442,0.020773987,3,1.58113883
CDH18,0.281113252,0.080469482,0.664022531,0.06116445,0.26628423,0.075159661,0.67830762,0.042940553,0.198400677,0.059513545,0.503770739,0.163070405,0.701464278,0.068703591,0.146465398,0.075610032,0.129523142,0.035430559,3,1.58113883
CDH6,0.33178226,0.046781227,0.68265412,0.072928076,0.287953248,0.045801198,0.695652174,0.062252581,0.251198023,0.043556871,0.498437102,0.080299603,0.729367741,0.069438905,0.179157121,0.069184819,0.15112202,0.027045358,3,1.58113883
CDH8,0.273502458,0.08626755,0.686056166,0.052296728,0.256102603,0.081247518,0.680364656,0.055545095,0.190965007,0.057125688,0.494285714,0.205705957,0.706657509,0.059398074,0.137901796,0.123353471,0.127489481,0.03019665,3,1.58113883
CDH9,0.220839345,0.100113598,0.573699989,0.069025669,0.208276208,0.104646307,0.645815802,0.020121462,0.157931818,0.080329128,0.387148799,0.132399517,0.681152235,0.023494332,0.053041806,0.080545087,0.131790556,0.049851081,3,1.58113883
CDKN2A,0.278288634,0.048744531,0.622191053,0.071065429,0.229932713,0.08473294,0.647662459,0.077278957,0.190182506,0.036176251,0.528554779,0.095204396,0.665128637,0.08874311,0.135403274,0.082903541,0.127466106,0.014439779,3,1.58113883
CFH,0.293687594,0.066525507,0.654002269,0.116147167,0.243743388,0.069207728,0.682678822,0.05404941,0.204874459,0.059994343,0.563003663,0.138938458,0.703469448,0.0544647,0.178317984,0.100533795,0.121037868,0.033072755,3,1.58113883
CFTR,0.294794608,0.096955586,0.608514383,0.040437827,0.284467505,0.113662734,0.652337541,0.032681255,0.222013302,0.09174817,0.47540293,0.071404488,0.685333278,0.033850641,0.124282265,0.07085815,0.157620383,0.065536535,3,1.58113883
CHGB,0.235922334,0.09572037,0.616888426,0.099270934,0.225342103,0.048532322,0.660986442,0.052734451,0.164093137,0.07205997,0.461367521,0.161627073,0.689097271,0.056801439,0.103714049,0.122511627,0.114516129,0.037927853,3,1.58113883
CMYA5,0.39814613,0.082064922,0.622777132,0.097877093,0.306089566,0.111365592,0.654394577,0.052365482,0.312757779,0.074245381,0.554073787,0.09762201,0.68105997,0.042493577,0.197109462,0.115455165,0.207223001,0.032664364,3,1.58113883
CNTN4,0.294905806,0.071098392,0.620938934,0.076696011,0.289264551,0.070242726,0.648059841,0.038141638,0.209913041,0.051685175,0.505108225,0.139652297,0.670920937,0.057412434,0.132644635,0.084775269,0.146820944,0.015878597,3,1.58113883
CNTN5,0.430397486,0.063533701,0.67472091,0.047528435,0.389012408,0.05078191,0.68686302,0.04539341,0.338327055,0.067150567,0.600555556,0.061626614,0.708652718,0.042899972,0.256835917,0.082239367,0.198550725,0.039877293,3,1.58113883
CNTNAP2,0.455044021,0.069840969,0.665261673,0.043132045,0.380960392,0.070902131,0.69541842,0.016977371,0.367659554,0.07520182,0.614154953,0.099307992,0.718598523,0.032726728,0.283011771,0.070562614,0.211734455,0.040489134,3,1.58113883
CNTNAP4,0.247505828,0.100655901,0.591185959,0.092801264,0.188771095,0.095328864,0.652571295,0.078967706,0.172789973,0.088716746,0.478260073,0.120021859,0.676300405,0.088330938,0.110388054,0.118121439,0.116666667,0.028164021,3,1.58113883
CNTNAP5,0.287572419,0.043765488,0.644231611,0.043809223,0.232963713,0.028483304,0.678284245,0.035766056,0.216611507,0.047490473,0.454120879,0.082140101,0.718516973,0.058521713,0.132535746,0.039976759,0.144763908,0.024056749,3,1.58113883
COL11A1,0.366080073,0.041444668,0.611430659,0.041739691,0.291642831,0.063904349,0.628541374,0.041967681,0.27263711,0.041720907,0.580410217,0.134680384,0.641822087,0.073945376,0.177534653,0.059908256,0.187938289,0.022656819,3,1.58113883
COL11A2,0.328385093,0.065669683,0.710605228,0.075469537,0.318289186,0.124974649,0.693221131,0.024879497,0.224385059,0.049372966,0.623449883,0.120889565,0.702947109,0.027441344,0.225725945,0.085325489,0.120920991,0.013714414,3,1.58113883
COL12A1,0.216982348,0.050308634,0.583936924,0.059190808,0.204821399,0.093224041,0.619798971,0.04915385,0.144788555,0.037390589,0.446969697,0.077052933,0.641389941,0.063446129,0.060203952,0.033783397,0.118863955,0.027903033,3,1.58113883
COL14A1,0.332627955,0.080806066,0.699249924,0.117328747,0.360006548,0.118424117,0.680341281,0.039409234,0.23642561,0.073348638,0.605424837,0.17428684,0.696192274,0.044201108,0.21218555,0.109686763,0.136115007,0.036405614,3,1.58113883
COL19A1,0.306677143,0.068626912,0.717961968,0.056480296,0.281582116,0.114348481,0.68915381,0.056248382,0.209367063,0.060986494,0.656752137,0.205844192,0.699231341,0.069684873,0.223176621,0.067755559,0.112388967,0.041800385,3,1.58113883
COL1A1,0.204384572,0.094535285,0.550394094,0.105438422,0.157135601,0.066213027,0.656545115,0.028467851,0.14385989,0.074785277,0.396717172,0.173597107,0.693181795,0.039639165,0.059877349,0.112672724,0.116619916,0.039791133,3,1.58113883
COL21A1,0.367161138,0.145884752,0.631603368,0.132929033,0.332682382,0.157242192,0.652431043,0.068467128,0.280611208,0.132654357,0.558414217,0.16897351,0.671661956,0.068195047,0.189454525,0.174732185,0.181369799,0.043955746,3,1.58113883
COL22A1,0.305390523,0.054239778,0.634763505,0.037746731,0.27015236,0.055594441,0.637283777,0.048456327,0.229746315,0.036869114,0.467843137,0.11844176,0.674232119,0.065631128,0.111598398,0.082493998,0.172814399,0.011288048,3,1.58113883
COL3A1,0.391552606,0.139685589,0.695641817,0.065115434,0.389149346,0.15923624,0.656685367,0.069231849,0.305587045,0.126995021,0.558289474,0.152716659,0.679145705,0.067247588,0.201677233,0.170512555,0.196563815,0.028123493,3,1.58113883
COL4A1,0.243162055,0.074414607,0.593138318,0.09097617,0.241038994,0.096264202,0.62000935,0.048444541,0.170889464,0.06327324,0.434155844,0.079657856,0.649996736,0.050216737,0.063924901,0.092524914,0.138312295,0.018556159,3,1.58113883
COL4A3,0.283986569,0.068428566,0.663072394,0.122196764,0.289197732,0.161002273,0.691351099,0.08822438,0.202164751,0.060154614,0.511742424,0.10425616,0.718271333,0.094105677,0.161341083,0.100528141,0.118747078,0.035562902,3,1.58113883
COL4A4,0.43979741,0.065413751,0.666515311,0.054541649,0.388539599,0.068167356,0.650257129,0.039168426,0.361390679,0.073398331,0.58956044,0.103221012,0.676157592,0.029154251,0.226027363,0.086643527,0.241912108,0.063035877,3,1.58113883
COL4A5,0.336599596,0.072189844,0.621051824,0.066174627,0.321362439,0.075444286,0.645815802,0.058135411,0.252876336,0.060929952,0.52961927,0.144191482,0.675992078,0.053487919,0.156728297,0.125627145,0.17484806,0.040779622,3,1.58113883
COL4A6,0.246599431,0.10622485,0.582915466,0.142879143,0.226873611,0.141488431,0.665194016,0.054867119,0.171298701,0.086397209,0.49978355,0.195022125,0.690904109,0.042031698,0.117123204,0.135889306,0.118653576,0.044225137,3,1.58113883
COL5A1,0.422927948,0.080177827,0.717476799,0.053394739,0.448294886,0.088694887,0.699859748,0.037077481,0.325657895,0.082331524,0.622719523,0.092975243,0.715928452,0.051246101,0.274120741,0.075723299,0.17942964,0.044531795,3,1.58113883
COL5A2,0.305207058,0.055363886,0.665339917,0.047970324,0.357762708,0.063458693,0.684689107,0.036038748,0.223859103,0.05802467,0.498110517,0.052308802,0.716414517,0.036121311,0.159652003,0.063995992,0.140532959,0.032332784,3,1.58113883
COL5A3,0.362474972,0.050481865,0.730776113,0.074110978,0.373790587,0.072990732,0.689107059,0.02619037,0.268330704,0.056640409,0.593202614,0.115903566,0.710422244,0.042600752,0.226965143,0.051791329,0.153436185,0.033199603,3,1.58113883
COL6A3,0.348893646,0.055533788,0.672365113,0.042826214,0.290329577,0.058791013,0.671669004,0.02292912,0.256765186,0.057051668,0.575130719,0.106322865,0.693293689,0.035246602,0.200860287,0.059610357,0.157760636,0.037485331,3,1.58113883
COL6A6,0.266693837,0.10294336,0.636599753,0.032884858,0.288421187,0.100205094,0.643571763,0.030326114,0.191130952,0.082255035,0.454943096,0.139458165,0.673020638,0.035389902,0.098261847,0.109292329,0.14256662,0.03113522,3,1.58113883
COL7A1,0.362127986,0.026012299,0.684072501,0.037837298,0.38806038,0.091943453,0.665217391,0.025394964,0.27593985,0.0333984,0.561655253,0.13741766,0.694073917,0.040200097,0.196873162,0.070115657,0.177208976,0.045563643,3,1.58113883
CPAMD8,0.262116186,0.047264103,0.559520584,0.085900319,0.222384524,0.053686707,0.606965872,0.059696054,0.188590808,0.034312681,0.456161616,0.14769701,0.640393221,0.065767197,0.06630013,0.10948474,0.159911173,0.035726007,3,1.58113883
CR1,0.277466542,0.07582676,0.625610385,0.061284028,0.267893081,0.074962102,0.643641889,0.032012578,0.198276164,0.061907584,0.471077158,0.10470262,0.670363795,0.047061144,0.106981901,0.057243258,0.146891071,0.033082956,3,1.58113883
CRB1,0.376718619,0.127223638,0.672722455,0.098542447,0.363031127,0.128676254,0.652080411,0.066203516,0.288812078,0.102791094,0.564485188,0.169483535,0.674558155,0.056731238,0.195288431,0.164565232,0.187821412,0.041935086,3,1.58113883
CSMD1,0.515537652,0.077208344,0.663978042,0.071180755,0.52054158,0.068650468,0.635086489,0.065822139,0.486541044,0.059803936,0.549452631,0.101062215,0.677615741,0.079860927,0.221717329,0.128397498,0.356241234,0.04108224,3,1.58113883
CSMD2,0.51245976,0.078316295,0.709279963,0.08856801,0.545585769,0.125085952,0.67173913,0.072963935,0.477234308,0.101540226,0.567474747,0.106773458,0.723745214,0.073782906,0.276368232,0.14370093,0.306848995,0.056508305,3,1.58113883
CSMD3,0.499600523,0.062041629,0.686731026,0.035433094,0.515768893,0.024155512,0.654394577,0.047297095,0.459895349,0.057570245,0.559171477,0.112271427,0.702219588,0.056897426,0.248487262,0.099048281,0.313347359,0.038434781,3,1.58113883
CTNND2,0.239159985,0.076633954,0.614758568,0.091252317,0.214018537,0.077159102,0.645815802,0.034098725,0.16010343,0.058605436,0.493406593,0.104348033,0.664893273,0.039688928,0.107637676,0.081250642,0.112295465,0.023700895,3,1.58113883
CUBN,0.296290811,0.098560744,0.701139493,0.108644584,0.356634228,0.150591094,0.662973352,0.089128445,0.199851579,0.073749421,0.608811189,0.181230458,0.672822812,0.097291754,0.187590782,0.143566047,0.116643291,0.020792292,3,1.58113883
DAB1,0.260359336,0.099525111,0.663667427,0.042281144,0.294067087,0.108663706,0.702080411,0.036496343,0.18844525,0.087924727,0.449279609,0.110377079,0.73433432,0.046130535,0.135020217,0.090902336,0.11659654,0.034366482,3,1.58113883
DCC,0.429863967,0.057502945,0.678998431,0.048542594,0.385503261,0.068085752,0.667438055,0.046670367,0.347694336,0.049158533,0.570501253,0.098624643,0.695465946,0.058253452,0.22991428,0.088387827,0.220289855,0.011964751,3,1.58113883
DCDC1,0.324502621,0.092384064,0.694631828,0.137522361,0.344248361,0.23703572,0.714936886,0.04820537,0.228550672,0.058692442,0.580454545,0.226336709,0.736415157,0.045700221,0.219354832,0.14656757,0.123048153,0.027731453,3,1.58113883
DCHS2,0.316844091,0.08977312,0.701822796,0.098642131,0.303021184,0.099778246,0.680247779,0.038849831,0.217201524,0.065069076,0.605541126,0.208057956,0.691571226,0.047961602,0.20526267,0.12892664,0.125268817,0.016289239,3,1.58113883
DMBT1,0.448006136,0.164604744,0.723290449,0.115697755,0.42823446,0.124892569,0.680317906,0.078261004,0.359292328,0.133947758,0.59902381,0.2233216,0.699449067,0.060003894,0.258571604,0.21807266,0.222370266,0.033931763,3,1.58113883
DNAH10,0.420744975,0.063163929,0.671580979,0.083394395,0.451630043,0.126393485,0.628517999,0.033646646,0.329553744,0.062557642,0.587920163,0.058890757,0.640510121,0.027799771,0.195368774,0.074154955,0.230995792,0.038512148,3,1.58113883
DNAH11,0.412765725,0.063820509,0.637656388,0.062238603,0.384799937,0.080208166,0.637213651,0.044103704,0.332494259,0.058525111,0.546497608,0.072227669,0.66474896,0.036626061,0.183669932,0.092402426,0.233356709,0.025961652,3,1.58113883
DNAH17,0.37008547,0.091337094,0.655048036,0.06932675,0.316201042,0.075598175,0.661079944,0.068623171,0.284730657,0.083677621,0.537692308,0.097629068,0.68812153,0.067747851,0.185534459,0.123604438,0.183567087,0.032354429,3,1.58113883
DNAH2,0.344121436,0.096234249,0.633686564,0.089455618,0.332160042,0.150150931,0.632772324,0.051592975,0.262014281,0.081545505,0.511502739,0.111200177,0.660536406,0.050974593,0.142054163,0.117161279,0.187938289,0.028326352,3,1.58113883
DNAH3,0.471662502,0.057642459,0.669070266,0.039870009,0.469698469,0.079450041,0.645745676,0.035658418,0.40923844,0.073732676,0.570582011,0.075316118,0.6780682,0.039759991,0.226953705,0.071695681,0.282702197,0.060853636,3,1.58113883
DNAH5,0.630469938,0.101115772,0.710572266,0.092743013,0.701207859,0.080782372,0.652244039,0.099753843,0.679340824,0.075473251,0.591502507,0.128833355,0.714727336,0.084819168,0.307794962,0.197393913,0.505329593,0.054229224,3,1.58113883
DNAH7,0.548579309,0.065716793,0.695627436,0.078413257,0.546089146,0.100533695,0.647779336,0.060684831,0.489603427,0.075130894,0.630697071,0.086161614,0.658202806,0.064199475,0.274821535,0.118587422,0.341187471,0.051367122,3,1.58113883
DNAH8,0.501781158,0.045741824,0.68260546,0.058870851,0.496000463,0.080058671,0.663160355,0.052729037,0.455810778,0.065959946,0.56655914,0.065719512,0.707125467,0.063335092,0.258564295,0.093052347,0.300350631,0.038963939,3,1.58113883
DNAH9,0.47808224,0.09738496,0.63304915,0.043098321,0.444857229,0.116702181,0.630738663,0.048281227,0.420332157,0.117421649,0.576136364,0.087617984,0.658134266,0.057463971,0.21837382,0.104161103,0.300187003,0.072038587,3,1.58113883
DOCK3,0.277812294,0.132284456,0.626825415,0.1154711,0.274074614,0.086837607,0.647989715,0.063142298,0.215300699,0.115809781,0.448251748,0.230204331,0.691333333,0.067992941,0.106024429,0.179301467,0.159841047,0.05817998,3,1.58113883
DPYD,0.386276785,0.055788347,0.71747709,0.066485853,0.370201519,0.067574301,0.680434783,0.050468585,0.295236331,0.051042796,0.578665414,0.109453841,0.706264471,0.046935742,0.224046534,0.093737518,0.177162225,0.039732557,3,1.58113883
DSC1,0.332019384,0.060574194,0.683949809,0.048929349,0.273942238,0.058955772,0.669658719,0.036677294,0.246685586,0.073955732,0.559522961,0.119220442,0.694154536,0.061313045,0.189001753,0.064566774,0.151215521,0.038349779,3,1.58113883
DSC2,0.29322837,0.078189185,0.658650219,0.078440973,0.29762368,0.11395789,0.68686302,0.039833508,0.201352309,0.052136806,0.542937063,0.167722575,0.704734267,0.054789589,0.173889587,0.102459974,0.120920991,0.011413808,3,1.58113883
DSC3,0.34055499,0.098964002,0.666292427,0.080323199,0.326055971,0.100929959,0.697755961,0.043965037,0.264978214,0.090329826,0.486636321,0.114981683,0.73716229,0.043080953,0.181044279,0.111616732,0.161921459,0.033867088,3,1.58113883
DSCAM,0.497846634,0.064086658,0.656493845,0.036904097,0.462496128,0.072153151,0.639387564,0.023279901,0.437587789,0.072992118,0.59189126,0.111633568,0.66066598,0.057990803,0.235259538,0.066573355,0.310963067,0.065898736,3,1.58113883
DSG1,0.314809008,0.077102113,0.614706188,0.074573037,0.288774385,0.165846464,0.654488079,0.044384541,0.220248111,0.068572473,0.572775264,0.085678463,0.667581618,0.05286328,0.175215361,0.07884837,0.138172043,0.026437009,3,1.58113883
DSG3,0.300501296,0.091512221,0.596156417,0.106039911,0.286582708,0.133879752,0.628471248,0.079195967,0.215919976,0.079940474,0.522146089,0.087034848,0.649010168,0.086270578,0.131397713,0.115961597,0.149041608,0.027932807,3,1.58113883
DSG4,0.347269771,0.171749518,0.655699939,0.107846233,0.35402045,0.15950211,0.671715755,0.056125715,0.263333333,0.138705548,0.516363636,0.223551351,0.697196382,0.038651746,0.17831613,0.202008668,0.168489949,0.034640747,3,1.58113883
DSP,0.371871152,0.042571199,0.649814621,0.037771214,0.333209099,0.052539685,0.650140252,0.040588118,0.288084282,0.049971263,0.538992088,0.057257686,0.677240651,0.062628893,0.179343446,0.039593046,0.192169238,0.020119561,3,1.58113883
DYSF,0.332182748,0.086396421,0.671138285,0.064501338,0.301284427,0.143353493,0.669658719,0.051157084,0.23875,0.071861412,0.565641026,0.106643242,0.688024615,0.057775565,0.190129699,0.097856946,0.144787284,0.022983716,3,1.58113883
ENAM,0.214249084,0.025111086,0.593294319,0.047878952,0.17633661,0.045074093,0.637213651,0.073700407,0.148384813,0.021823146,0.396666667,0.069121471,0.670782022,0.084667765,0.047064631,0.043619155,0.125292193,0.025115379,3,1.58113883
EPHA6,0.369265687,0.061334138,0.6743284,0.091375067,0.340392676,0.095683069,0.67169238,0.051226957,0.271379986,0.049295002,0.594141604,0.133202387,0.690052063,0.04714276,0.215794587,0.108756988,0.164142122,0.027804162,3,1.58113883
EPPK1,0.318088798,0.098714806,0.645793556,0.053290584,0.293014509,0.080020413,0.676133707,0.077474143,0.235212411,0.091645885,0.528334819,0.085707202,0.702782236,0.08555586,0.175853933,0.112702035,0.140556335,0.03746521,3,1.58113883
ERBB4,0.328323981,0.094986198,0.6567136,0.070825225,0.29437072,0.119695865,0.654371201,0.05807498,0.246179277,0.085346963,0.516010787,0.135578231,0.684694041,0.055389995,0.154940314,0.129895086,0.16629266,0.034486592,3,1.58113883
ERC2,0.369955858,0.117448425,0.708915297,0.080762275,0.367009527,0.121720618,0.717110799,0.026133666,0.28037037,0.081540383,0.557840444,0.20946815,0.744225599,0.046999904,0.236760715,0.138041686,0.15544647,0.02182317,3,1.58113883
EVPL,0.274374451,0.107176645,0.63201144,0.080254581,0.24666641,0.079086065,0.654488079,0.015351968,0.188461654,0.075612767,0.535100733,0.197487783,0.671002671,0.027391611,0.142962066,0.122086341,0.127325853,0.04178298,3,1.58113883
F8,0.303023611,0.092061162,0.665101723,0.087907956,0.336629046,0.089525452,0.656732118,0.03173271,0.21992678,0.08748721,0.556929825,0.135760457,0.677859565,0.048781755,0.16307936,0.07706968,0.144647031,0.057562544,3,1.58113883
FAM135B,0.451151581,0.035497182,0.686429003,0.04008421,0.46366441,0.049354225,0.669565217,0.026848593,0.385032822,0.060228539,0.56308518,0.085386672,0.707168928,0.056985605,0.242344209,0.049484567,0.244156148,0.030130259,3,1.58113883
FAM47A,0.303174275,0.087277151,0.616367864,0.094786652,0.246131397,0.104884865,0.686909771,0.066675174,0.220868357,0.071103889,0.52032967,0.130856929,0.714200197,0.081254549,0.174365723,0.102057565,0.129640019,0.025552728,3,1.58113883
FAM47C,0.262009406,0.050882611,0.627812638,0.063339777,0.245202013,0.053787066,0.665240767,0.040946551,0.183910639,0.035190608,0.496078089,0.170410126,0.694004664,0.066066066,0.127648517,0.075997983,0.12744273,0.029918994,3,1.58113883
FAM83B,0.343875577,0.050178131,0.667461654,0.048386794,0.377317653,0.022226711,0.656545115,0.024066116,0.263393102,0.047166726,0.518281979,0.123643486,0.690121746,0.038296691,0.163624071,0.074556191,0.179266012,0.036171737,3,1.58113883
FAT2,0.317520022,0.099324533,0.641226043,0.104487809,0.247015182,0.080574101,0.682795699,0.078570893,0.222477497,0.08440808,0.594700855,0.129532163,0.69687751,0.088821022,0.206881337,0.122036067,0.120991117,0.018023032,3,1.58113883
FAT3,0.477057032,0.081442937,0.669015592,0.06108388,0.478378553,0.073745474,0.630621786,0.076825505,0.412134369,0.068649819,0.569151515,0.108954544,0.655877353,0.071596294,0.20686407,0.14941339,0.298059841,0.046080278,3,1.58113883
FAT4,0.445920336,0.089080935,0.61849221,0.062704001,0.430788824,0.051195422,0.604675082,0.05822645,0.405170784,0.074744869,0.500866402,0.121091757,0.656327006,0.04141961,0.148397681,0.135907242,0.321926134,0.026341918,3,1.58113883
FBN2,0.311973422,0.136772978,0.696848275,0.080871506,0.359889029,0.118962984,0.701893408,0.074193802,0.228003816,0.121347701,0.542890443,0.221436633,0.72656958,0.08761838,0.196216807,0.173468563,0.125245442,0.017916264,3,1.58113883
FBN3,0.256688201,0.106151572,0.653126563,0.115324944,0.304625053,0.149593361,0.68258532,0.038609107,0.186285435,0.095783083,0.442424242,0.128197299,0.71542958,0.051290112,0.118515582,0.106093439,0.123235157,0.03180018,3,1.58113883
FCGBP,0.358378982,0.067184586,0.62526988,0.072824426,0.306842385,0.045258735,0.652244039,0.047902168,0.279978916,0.059502253,0.536982097,0.180668553,0.689082807,0.029035027,0.171455143,0.126075888,0.194483403,0.058448865,3,1.58113883
FCRL5,0.335077435,0.066108206,0.712221877,0.066039173,0.348896999,0.085710016,0.66313698,0.032594072,0.242580622,0.074537017,0.625977444,0.181705792,0.679125602,0.046693429,0.207482212,0.076691451,0.149158485,0.062478756,3,1.58113883
FER1L6,0.343401495,0.092595277,0.688051633,0.045720371,0.323776579,0.070612471,0.673866293,0.038532361,0.253148148,0.072155715,0.554021665,0.174392684,0.699768335,0.029613641,0.190070875,0.131922519,0.159957924,0.031765366,3,1.58113883
FILIP1,0.257438578,0.085384057,0.601099898,0.130930708,0.214300722,0.051081807,0.673655914,0.046070494,0.176903313,0.055763119,0.508225108,0.252595641,0.702834871,0.031478401,0.131579147,0.159018386,0.121037868,0.02839049,3,1.58113883
FLG,0.495434592,0.029536968,0.654892889,0.041910388,0.516088181,0.075129874,0.634969612,0.027114265,0.452488014,0.057436321,0.557867905,0.056450684,0.675481008,0.049201823,0.222637574,0.045560112,0.324029921,0.042395978,3,1.58113883
FLG2,0.389637602,0.115633668,0.641948073,0.075026708,0.361544456,0.084539252,0.647942964,0.054323339,0.318419626,0.108977412,0.522307692,0.130196893,0.684246328,0.057382628,0.180026471,0.136656206,0.21802244,0.04487695,3,1.58113883
FLNB,0.321869295,0.039913221,0.72964037,0.084387557,0.349039462,0.091697097,0.697779336,0.045099731,0.221925119,0.043761054,0.63040293,0.154205058,0.711246097,0.051825631,0.2260337,0.076915668,0.118676952,0.032784542,3,1.58113883
FLNC,0.352143337,0.077393543,0.673319544,0.067893889,0.363631791,0.114506206,0.652384292,0.043126711,0.274351465,0.100004058,0.536998914,0.083938285,0.681434494,0.071143865,0.176469279,0.074233572,0.179336138,0.046573237,3,1.58113883
FMN2,0.365159518,0.123733902,0.688069346,0.130210943,0.356615518,0.127742093,0.67169238,0.064962613,0.273037293,0.085157838,0.570580808,0.253634087,0.698523516,0.035972516,0.202332248,0.200982096,0.175035063,0.033252865,3,1.58113883
FNDC1,0.23536059,0.092854377,0.626667332,0.091168688,0.259216919,0.089105163,0.641608228,0.030789793,0.165416944,0.08088862,0.460555556,0.156598685,0.669442724,0.04901132,0.090361956,0.096470484,0.123305283,0.04164777,3,1.58113883
FRAS1,0.33958797,0.108496417,0.641217895,0.064622007,0.31525253,0.070040775,0.658789154,0.05618101,0.258263607,0.102396457,0.528727717,0.099207111,0.684591941,0.061961688,0.167354905,0.10244525,0.170780739,0.06608058,3,1.58113883
FREM1,0.359654947,0.087073296,0.691050483,0.063394323,0.345682092,0.055594146,0.693384759,0.043009292,0.263605335,0.070417522,0.59030303,0.180396576,0.714156709,0.051763776,0.227993801,0.122438284,0.149064984,0.018058468,3,1.58113883
FREM2,0.283215078,0.028933297,0.657336425,0.064726208,0.260231246,0.055692652,0.652267415,0.02996334,0.198000173,0.030538876,0.514520773,0.074348719,0.67510504,0.040492058,0.134234269,0.036268504,0.136021505,0.028792157,3,1.58113883
FSIP2,0.282469911,0.107540351,0.64865121,0.094197637,0.333972495,0.108262569,0.671598878,0.026518008,0.194222689,0.083747141,0.545378788,0.19745722,0.690095792,0.01569429,0.159660196,0.136159313,0.12311828,0.031933709,3,1.58113883
GFRAL,0.203703547,0.0994387,0.557707469,0.14244024,0.243983832,0.159034657,0.619869098,0.038336081,0.14385101,0.075509637,0.393333333,0.141715678,0.653073812,0.032459569,0.038257746,0.10660605,0.125245442,0.061528943,3,1.58113883
GIMAP8,0.293631651,0.114093491,0.69398194,0.01804496,0.282754172,0.061220305,0.671762506,0.04420314,0.200147306,0.086670975,0.598376068,0.145066556,0.68042016,0.050643319,0.192579861,0.109986952,0.112412342,0.037393386,3,1.58113883
GLI2,0.274406926,0.042230035,0.656543197,0.028714911,0.213449968,0.036640344,0.665381019,0.05381601,0.185018401,0.038473432,0.552136752,0.075638142,0.681043179,0.064111372,0.156915846,0.050096798,0.114446003,0.017828903,3,1.58113883
GPRC6A,0.305224778,0.082608133,0.657921107,0.110655927,0.258314893,0.072024811,0.682445068,0.025721714,0.209090142,0.058976598,0.59029304,0.177253519,0.69722344,0.02429472,0.193663372,0.113434921,0.123048153,0.026881136,3,1.58113883
GRIA1,0.278964059,0.063695863,0.611752535,0.055616193,0.246709446,0.100818847,0.665264142,0.038394065,0.193624795,0.052366159,0.506593407,0.081184921,0.688186693,0.035923792,0.138446532,0.07979298,0.127349229,0.018648684,3,1.58113883
GRIA2,0.23011186,0.069265427,0.584192432,0.03905691,0.193398235,0.075035837,0.645815802,0.038218043,0.161216065,0.066548269,0.437707391,0.075090934,0.675745161,0.051418296,0.0798801,0.050505943,0.122978027,0.038825035,3,1.58113883
GRID2,0.332393056,0.063749267,0.691951298,0.063336958,0.311828092,0.134532918,0.678237494,0.035419723,0.239112696,0.05732534,0.561673414,0.075441795,0.697931339,0.028622277,0.189841135,0.063160853,0.146727443,0.044358465,3,1.58113883
GRIN2A,0.45505722,0.044652991,0.665058324,0.031045732,0.433951522,0.048121486,0.673913043,0.035492443,0.383471178,0.044002105,0.562111801,0.0585138,0.709433704,0.042707904,0.243785637,0.066207404,0.241935484,0.010583344,3,1.58113883
GRIN2B,0.360864662,0.145971631,0.684602338,0.089934745,0.334938895,0.167429068,0.684759233,0.054383719,0.262982625,0.128399477,0.625146199,0.106439175,0.693004025,0.046970024,0.234170475,0.134291073,0.148854605,0.060410318,3,1.58113883
GRIN3A,0.275744817,0.092151011,0.62609819,0.153941567,0.252691573,0.135006232,0.654417952,0.068628545,0.19351664,0.070068317,0.527620713,0.24465141,0.679995112,0.073435854,0.138003002,0.157738057,0.131767181,0.029974531,3,1.58113883
GRM3,0.303505244,0.07652032,0.640646115,0.042378693,0.242629975,0.085960512,0.658765778,0.065428423,0.220982171,0.075532185,0.531730769,0.137989982,0.683714285,0.079383999,0.156182112,0.097954895,0.142613371,0.035560252,3,1.58113883
GRM7,0.246080808,0.113299712,0.561053144,0.130660655,0.21130634,0.127010375,0.654628331,0.076222833,0.178591332,0.09034572,0.406219336,0.135856501,0.689871756,0.078942077,0.079990558,0.13828987,0.13172043,0.02549072,3,1.58113883
GRM8,0.250109691,0.102911988,0.536010491,0.11737306,0.210729375,0.071497053,0.645862553,0.059286969,0.177874674,0.081073377,0.433706294,0.145674927,0.677494859,0.056580261,0.086014032,0.135035826,0.131813932,0.018311019,3,1.58113883
HCN1,0.293672087,0.06148111,0.667402308,0.031932492,0.282185558,0.108816694,0.678330996,0.04142598,0.206734007,0.059822848,0.552641803,0.157783659,0.701030575,0.043677831,0.171011409,0.096048853,0.127279102,0.042197146,3,1.58113883
HDAC9,0.251239068,0.058435542,0.630496553,0.085064546,0.230151783,0.080741789,0.641514727,0.032109445,0.175664336,0.051367962,0.521471861,0.189109025,0.667704717,0.054496132,0.116450838,0.075141171,0.127466106,0.044105996,3,1.58113883
HECW1,0.252379293,0.112925398,0.621586464,0.103344645,0.244657774,0.092739201,0.647849462,0.049367929,0.174702194,0.084013728,0.475935829,0.194204913,0.673252511,0.038747089,0.103266881,0.149119786,0.127559607,0.035987465,3,1.58113883
HECW2,0.321190817,0.082880695,0.697643393,0.052278819,0.291259802,0.10511682,0.678237494,0.063103539,0.22459707,0.076016031,0.61543956,0.17009027,0.689838072,0.080449619,0.211862376,0.099194651,0.125338943,0.02742213,3,1.58113883
HEPHL1,0.265961614,0.15381191,0.662455266,0.095950433,0.21977578,0.057656236,0.68258532,0.063396743,0.183912613,0.108175503,0.489393939,0.285757736,0.708491418,0.048176189,0.137956871,0.216301571,0.118770453,0.007209713,3,1.58113883
HIVEP3,0.323494342,0.075534254,0.728551787,0.075116764,0.296839605,0.094716311,0.686792894,0.051223784,0.215994624,0.061060325,0.660833333,0.094996345,0.689618039,0.046894505,0.232006592,0.090680892,0.11456288,0.034337235,3,1.58113883
HMCN1,0.370639456,0.090519983,0.663346839,0.100535026,0.297418121,0.109282605,0.675829827,0.05701723,0.291795967,0.11035259,0.556591416,0.151622298,0.708026742,0.069269773,0.209933671,0.128293249,0.17713885,0.047399774,3,1.58113883
HRNR,0.257463144,0.057492845,0.625235648,0.054203878,0.272480872,0.127542022,0.667578308,0.046856356,0.207177708,0.06337934,0.423993506,0.198587218,0.725174081,0.086881321,0.103585843,0.068764071,0.155563347,0.059380326,3,1.58113883
HYDIN,0.535426883,0.063807824,0.701711504,0.062274328,0.531194797,0.075382229,0.662996727,0.063340005,0.477169109,0.075136662,0.621099833,0.094726896,0.686246585,0.074212313,0.289344494,0.119535657,0.313300608,0.034666173,3,1.58113883
IGSF1,0.282688109,0.08947755,0.641770447,0.072440822,0.322425289,0.065425626,0.641491351,0.047022615,0.199249128,0.065919629,0.490833333,0.149895797,0.666467761,0.038493789,0.115324429,0.12491919,0.144647031,0.020465434,3,1.58113883
IGSF10,0.324863797,0.137215394,0.676354146,0.107168677,0.291249325,0.170497732,0.701963534,0.048319506,0.239180258,0.10322048,0.524302903,0.21571661,0.730395417,0.032372179,0.190405544,0.171453042,0.142379617,0.039281504,3,1.58113883
ITGA4,0.265212533,0.082256186,0.666708934,0.102802793,0.280631817,0.106061198,0.660776064,0.053973005,0.182384808,0.07031667,0.551934732,0.131817837,0.678826297,0.057033131,0.144576786,0.08049277,0.118630201,0.04478923,3,1.58113883
KALRN,0.325427794,0.130296711,0.649972798,0.124611255,0.287986291,0.137625024,0.69343151,0.041856997,0.248082327,0.114200665,0.511032389,0.207673835,0.724460984,0.056810413,0.184265321,0.149646298,0.148948107,0.04386936,3,1.58113883
KCNB2,0.374634653,0.102518016,0.61111547,0.086382418,0.33668398,0.096082263,0.632678822,0.047183409,0.289828903,0.0849625,0.543011696,0.156827343,0.656815279,0.049122196,0.164747886,0.132082116,0.20743338,0.03602529,3,1.58113883
KCNH5,0.355421787,0.148248085,0.660687997,0.116966523,0.337872115,0.127743097,0.669658719,0.057112205,0.265561759,0.11689907,0.545952381,0.201182336,0.687802611,0.05980921,0.192782222,0.169013703,0.164142122,0.035963354,3,1.58113883
KCNH7,0.355710565,0.141988747,0.693057703,0.09139077,0.370570085,0.186784483,0.708438523,0.05523115,0.259382305,0.109134062,0.576283716,0.216655768,0.730792612,0.042784814,0.229799212,0.184728942,0.142496494,0.015431179,3,1.58113883
KCNQ3,0.281960985,0.062206307,0.641519782,0.015606822,0.248923934,0.068522577,0.678143993,0.040186537,0.19156682,0.048818463,0.548671329,0.071231938,0.695520097,0.039435425,0.166353311,0.074204294,0.114539504,0.020112533,3,1.58113883
KCNQ5,0.303701124,0.085452405,0.660698593,0.082419057,0.261300196,0.096585553,0.699883123,0.034152745,0.2146851,0.067429325,0.531071429,0.117379986,0.723114035,0.021631566,0.181100324,0.097226908,0.125292193,0.035501775,3,1.58113883
KCNT2,0.395877967,0.076960944,0.702924853,0.070438975,0.285041336,0.085948621,0.682491819,0.047398765,0.283538728,0.070031388,0.681416084,0.110941892,0.684563893,0.055510613,0.27355133,0.092882364,0.153295933,0.023012108,3,1.58113883
KDR,0.341884414,0.043541071,0.677695069,0.062772677,0.279375709,0.125574083,0.682468443,0.048730538,0.237535014,0.059393993,0.672727273,0.107324718,0.687617366,0.074397031,0.247336664,0.016704991,0.125175316,0.030623347,3,1.58113883
KEL,0.344573636,0.051161734,0.695145509,0.046934334,0.30725818,0.083363931,0.697662459,0.039114314,0.259943847,0.06914659,0.576920677,0.152613179,0.724337533,0.073075293,0.222438235,0.041398807,0.144810659,0.041177394,3,1.58113883
KIAA1109,0.283664303,0.102300932,0.645236879,0.117504232,0.284666368,0.102692349,0.652103787,0.041704114,0.210247413,0.10413302,0.522603175,0.22386855,0.681446338,0.055650393,0.141030601,0.128893325,0.144530154,0.072851517,3,1.58113883
KIAA1210,0.265724628,0.029550219,0.619490338,0.077783959,0.218274212,0.048280931,0.674053296,0.054913209,0.18114418,0.027658241,0.514444444,0.068897849,0.695498289,0.066098378,0.142986689,0.043799805,0.114469378,0.014494544,3,1.58113883
KIAA1217,0.347764416,0.063853045,0.68567536,0.039921558,0.351217814,0.072191245,0.667438055,0.034573842,0.259238626,0.062544398,0.549173414,0.110933578,0.693377832,0.037013095,0.186533149,0.088396139,0.164188873,0.030311448,3,1.58113883
KLHDC7A,0.236831767,0.083690449,0.612547678,0.113450042,0.199855857,0.081998003,0.645862553,0.057126936,0.157802815,0.057959342,0.493589744,0.190428856,0.668204689,0.040772675,0.101819495,0.144512468,0.114446003,0.025855781,3,1.58113883
KMT2C,0.293610523,0.105806252,0.666630519,0.093323513,0.316289487,0.16440846,0.660939691,0.033321029,0.211561707,0.100698665,0.533333333,0.139443338,0.68137485,0.052957092,0.156349365,0.093085017,0.13630201,0.053017649,3,1.58113883
KMT2D,0.231336124,0.085977725,0.567633931,0.053447228,0.21368879,0.041744096,0.648036466,0.053445382,0.168778999,0.062604621,0.391428571,0.17150518,0.690119358,0.068924378,0.061023953,0.118799982,0.138195418,0.024517812,3,1.58113883
KSR2,0.23210685,0.104043112,0.638539221,0.033706777,0.253685544,0.086608287,0.66512389,0.04132016,0.163741975,0.087543351,0.441269841,0.139916831,0.693944761,0.057213142,0.097934529,0.103646189,0.114352501,0.034150765,3,1.58113883
LAMA1,0.257894384,0.146096516,0.605552908,0.111549797,0.258975271,0.14853621,0.676203834,0.080397077,0.185550712,0.111246266,0.429175824,0.204712585,0.70721124,0.07506685,0.109450547,0.184567826,0.123094904,0.025823004,3,1.58113883
LAMA2,0.316375079,0.05096595,0.623482719,0.093338897,0.277916182,0.084139302,0.674053296,0.044382694,0.233567863,0.038665798,0.518360071,0.173302189,0.706673948,0.043897747,0.163064376,0.105141395,0.153295933,0.038138164,3,1.58113883
LAMA3,0.326171923,0.055524273,0.649409305,0.064113041,0.290547466,0.118455177,0.676110332,0.055553333,0.234228815,0.053885332,0.563712121,0.116483401,0.696518297,0.06853309,0.190456641,0.079086605,0.140299205,0.024673046,3,1.58113883
LAMA5,0.276651858,0.077947557,0.679089556,0.067696921,0.267883258,0.103571389,0.675970079,0.029279578,0.188551587,0.07119822,0.578845599,0.145915547,0.690361031,0.044561146,0.17282034,0.061668873,0.11430575,0.048120921,3,1.58113883
LCT,0.338886709,0.06311771,0.690283926,0.09312269,0.316633848,0.132785123,0.706404862,0.062955189,0.236505822,0.050089803,0.606593407,0.099712786,0.721133521,0.061005002,0.230571557,0.101290763,0.123048153,0.020546838,3,1.58113883
LPA,0.345698368,0.099817797,0.680299847,0.087309362,0.339596555,0.110205878,0.661009818,0.051087477,0.252287582,0.071500699,0.552852295,0.174130883,0.681991508,0.038370644,0.180264923,0.145855733,0.164165498,0.017940074,3,1.58113883
LRP1B,0.530677918,0.102788139,0.629661481,0.085966395,0.536204356,0.104017839,0.622113137,0.075815708,0.523879936,0.115379295,0.541238206,0.102695577,0.674967354,0.081408145,0.215340993,0.161460105,0.397335203,0.04116608,3,1.58113883
LRP2,0.426911918,0.027929661,0.676106058,0.054168385,0.383310041,0.082152158,0.676063581,0.024579996,0.355664454,0.026112369,0.549856508,0.121661372,0.716340145,0.037074613,0.230223939,0.068085534,0.224567555,0.033901959,3,1.58113883
LRRC4C,0.246902414,0.047452695,0.637629896,0.055008019,0.226983294,0.035091844,0.647942964,0.033030164,0.173899018,0.036298115,0.450378788,0.135416004,0.679857421,0.055067287,0.091772594,0.070806871,0.131697055,0.022963499,3,1.58113883
MAGEC1,0.341839904,0.041427432,0.599479449,0.073175982,0.309077904,0.047998242,0.619985975,0.053556832,0.265711306,0.024835201,0.503504274,0.137677956,0.654490024,0.070288494,0.124828223,0.090371797,0.205025713,0.049843257,3,1.58113883
MARCO,0.271804878,0.101671248,0.619662264,0.08970665,0.252311083,0.081563565,0.665310893,0.057072965,0.195889992,0.080863597,0.469350649,0.180443785,0.696283544,0.061734336,0.121589747,0.137057302,0.134034596,0.027921434,3,1.58113883
MBD5,0.208718548,0.086142448,0.581348588,0.081210773,0.208276664,0.060071572,0.630785414,0.108605129,0.153831454,0.078591022,0.377582418,0.097420542,0.671341975,0.123061505,0.040829175,0.117899436,0.125268817,0.039238881,3,1.58113883
MECOM,0.384744266,0.079117049,0.649401694,0.106558595,0.382653177,0.138968597,0.663090229,0.055697989,0.299658418,0.076258156,0.547460424,0.07887465,0.689315827,0.050860919,0.194092297,0.092929375,0.196353436,0.057482895,3,1.58113883
MED12L,0.317831129,0.082666277,0.734351072,0.103888722,0.330471515,0.112156599,0.704090697,0.054381396,0.215901876,0.059524304,0.617171717,0.169489411,0.715311498,0.058253781,0.224698807,0.11618764,0.112295465,0.014309541,3,1.58113883
MGAM,0.539679521,0.031685822,0.687027244,0.040179661,0.540851094,0.05455176,0.656638616,0.044165019,0.498178847,0.050861517,0.592469485,0.028563558,0.689190152,0.067956746,0.272672469,0.063503808,0.33915381,0.029893164,3,1.58113883
MORC1,0.340456182,0.050443467,0.670791713,0.051294331,0.322256401,0.053269282,0.656708742,0.034588241,0.252558826,0.033381964,0.529478022,0.105199586,0.684713433,0.017798013,0.164703935,0.088966386,0.170593735,0.028628149,3,1.58113883
MROH2B,0.456584953,0.059196926,0.690808582,0.062963129,0.486951072,0.080835132,0.66084619,0.046804872,0.381861143,0.068597749,0.574013784,0.05244396,0.689882632,0.052473412,0.236016306,0.083469253,0.248410472,0.031624648,3,1.58113883
MTUS2,0.292314716,0.079019796,0.664439595,0.088984023,0.236898576,0.037411739,0.652244039,0.050210738,0.203701662,0.059086971,0.556274281,0.214716985,0.671870716,0.054417797,0.156163397,0.135578989,0.133894343,0.027964967,3,1.58113883
MUC16,0.745301207,0.031285659,0.652490055,0.027963068,0.789200698,0.054113352,0.641397849,0.044270519,0.723133767,0.04810237,0.77753764,0.086265561,0.364668029,0.057205878,0.15704554,0.122270721,0.680364656,0.067012726,3,1.58113883
MUC17,0.492372334,0.082611739,0.687611018,0.0566284,0.527954057,0.124124734,0.654441328,0.052340929,0.438771008,0.115427319,0.578088969,0.039167187,0.689425731,0.072447205,0.25153083,0.097479092,0.291561477,0.052020632,3,1.58113883
MUC4,0.263706542,0.016095913,0.622332352,0.062999692,0.269718779,0.044801935,0.650070126,0.022973402,0.187588988,0.013700181,0.461013986,0.104169548,0.683569135,0.027200408,0.101297099,0.056669966,0.140392707,0.0275187,3,1.58113883
MUC5B,0.306042286,0.061589839,0.60959626,0.035272194,0.280558899,0.043874706,0.671785881,0.039451535,0.226034992,0.044261733,0.483984071,0.129741428,0.706289298,0.042873373,0.143396588,0.086876977,0.153366059,0.030200721,3,1.58113883
MXRA5,0.413607038,0.077612224,0.636087863,0.086057231,0.437318188,0.104191256,0.617788686,0.043242011,0.368539254,0.078684159,0.477130836,0.095711942,0.674617602,0.042133708,0.141847805,0.104993548,0.285179991,0.034698214,3,1.58113883
MYH1,0.392023705,0.141126883,0.642247986,0.096267038,0.399491187,0.13852884,0.650093502,0.069165363,0.324909047,0.125929926,0.511843137,0.186620247,0.690806904,0.061008639,0.178776956,0.185120274,0.222650771,0.044804781,3,1.58113883
MYH13,0.306903453,0.058468119,0.685933173,0.094336169,0.291695114,0.089717639,0.69343151,0.038049896,0.218024187,0.047939006,0.558585859,0.188079615,0.716171684,0.062142136,0.191204018,0.086928102,0.127372604,0.027582537,3,1.58113883
MYH15,0.323670486,0.082396805,0.6768018,0.06698243,0.266410788,0.113162382,0.680411407,0.039290388,0.227349328,0.072962885,0.592647059,0.119249705,0.694599462,0.04730338,0.203354074,0.087870365,0.131650304,0.034016803,3,1.58113883
MYH2,0.379670478,0.048368856,0.598538128,0.042836972,0.357570084,0.064571216,0.60254792,0.032325917,0.31181848,0.05720209,0.494362573,0.058848799,0.637732666,0.054652755,0.117177106,0.045640292,0.248340346,0.040054856,3,1.58113883
MYH4,0.383429738,0.090404302,0.628953633,0.057492195,0.375289801,0.097121098,0.63284245,0.030272238,0.301971778,0.086064231,0.555688873,0.136126491,0.658251343,0.034357019,0.176094803,0.102739657,0.213651239,0.054535385,3,1.58113883
MYH7,0.307784991,0.12799844,0.660668701,0.121170111,0.348225631,0.106774589,0.676133707,0.073937734,0.225564301,0.107511622,0.501538462,0.152090409,0.704418836,0.069268805,0.158317005,0.163891902,0.140369331,0.022824863,3,1.58113883
MYH8,0.328313725,0.045664305,0.576736299,0.047225776,0.272856956,0.073702812,0.624146798,0.021552393,0.244343865,0.050165051,0.521891686,0.092613508,0.649247195,0.024285888,0.131303345,0.055889259,0.181626928,0.04713805,3,1.58113883
MYLK,0.289034654,0.092168923,0.663314372,0.08330994,0.271687905,0.10961525,0.678354371,0.048476507,0.200163064,0.067127538,0.526282051,0.143631233,0.698050134,0.04426673,0.158361657,0.113639298,0.125245442,0.031854581,3,1.58113883
MYO15A,0.312989429,0.059785955,0.665181492,0.083590742,0.283443571,0.152915978,0.658742403,0.039540422,0.221004418,0.059019845,0.569527042,0.038228849,0.675054775,0.050209767,0.175229076,0.038361389,0.138242169,0.035247141,3,1.58113883
MYO18B,0.355403161,0.090345367,0.634299801,0.089643853,0.371498233,0.15238199,0.654628331,0.051847585,0.292089509,0.091882835,0.467495778,0.104606175,0.703312733,0.06053428,0.149191491,0.115511873,0.203062179,0.026039671,3,1.58113883
MYO3A,0.271129744,0.06109968,0.679270819,0.091065164,0.299560998,0.14660131,0.667554932,0.049455745,0.190868141,0.038361787,0.496886447,0.193301115,0.696505425,0.060059037,0.130541464,0.110116232,0.131650304,0.026356435,3,1.58113883
MYO5B,0.301617606,0.083103061,0.654517404,0.042771112,0.255378053,0.093661853,0.660939691,0.018807038,0.210573404,0.06624678,0.553006993,0.158211587,0.67777567,0.03222946,0.164412668,0.095943123,0.135974755,0.034116648,3,1.58113883
MYO7B,0.284568641,0.12845401,0.659985012,0.04070522,0.222645026,0.08783503,0.688990182,0.044147819,0.203315315,0.095122026,0.494212454,0.18674699,0.710687998,0.057112998,0.158749579,0.128504656,0.120827489,0.038148532,3,1.58113883
MYOCD,0.30927507,0.056843234,0.629426241,0.04620237,0.331121895,0.095036454,0.647989715,0.035599796,0.233591398,0.045946119,0.470778372,0.096898625,0.684953142,0.046505934,0.122130687,0.069004543,0.17057036,0.031599801,3,1.58113883
MYOM2,0.263607245,0.109072428,0.587038168,0.13856242,0.242143547,0.124212169,0.663160355,0.073095497,0.185497858,0.078679123,0.483461538,0.202323778,0.688165194,0.080418973,0.125848291,0.146722757,0.12311828,0.03373291,3,1.58113883
MYT1L,0.282090132,0.072389091,0.717940204,0.0497455,0.38234104,0.083169443,0.689036933,0.028168774,0.202994107,0.074286108,0.515386574,0.117112422,0.715559335,0.052490789,0.162174856,0.053257378,0.123281907,0.042249508,3,1.58113883
NBEA,0.348415851,0.104472454,0.643937342,0.091607715,0.26418001,0.042671274,0.64368864,0.074988972,0.244084731,0.080426787,0.624736048,0.148562968,0.645076376,0.07466997,0.196834316,0.14221048,0.155563347,0.043759802,3,1.58113883
NCKAP5,0.289947692,0.066397622,0.659069348,0.096756048,0.255102213,0.108521822,0.684805984,0.066164714,0.207354218,0.051075871,0.503333333,0.131679559,0.715930787,0.053216329,0.152691157,0.124481981,0.131697055,0.037359579,3,1.58113883
NDST4,0.311802092,0.068861281,0.665302952,0.095518755,0.316038993,0.146919986,0.658672277,0.066732218,0.23254103,0.063614516,0.487619048,0.091137931,0.692223025,0.068501151,0.139320923,0.10940767,0.15773726,0.024274099,3,1.58113883
NEB,0.417096842,0.080195031,0.668771895,0.084967398,0.425734534,0.092802536,0.64373539,0.039076665,0.334992046,0.073081563,0.568542934,0.118307404,0.668628526,0.01591789,0.201240352,0.106016353,0.231042543,0.057085219,3,1.58113883
NEBL,0.322017588,0.087972935,0.66130631,0.054942415,0.245510324,0.089957047,0.665287518,0.044827825,0.227386426,0.070439814,0.563614164,0.102130202,0.681122253,0.041856725,0.180379206,0.101826154,0.140392707,0.027426712,3,1.58113883
NF1,0.350824972,0.023837967,0.70712276,0.119731458,0.342315326,0.108594393,0.688873305,0.034128097,0.251712622,0.015091628,0.591794872,0.107193595,0.706722835,0.04241002,0.218629717,0.058239492,0.144763908,0.022768176,3,1.58113883
NLRP11,0.293955953,0.073326854,0.621568492,0.077905811,0.272994573,0.099907516,0.608929406,0.080924463,0.205279283,0.067499171,0.566709402,0.094912259,0.619641257,0.096217906,0.132267297,0.098294337,0.14485741,0.040074819,3,1.58113883
NLRP13,0.300020807,0.110178691,0.64722959,0.131577521,0.300626286,0.115310291,0.660892941,0.055697621,0.214158059,0.088342446,0.536349206,0.171147624,0.68240534,0.047469747,0.158149125,0.141027559,0.138172043,0.048815892,3,1.58113883
NLRP4,0.329558037,0.04831957,0.667931587,0.058531131,0.357006879,0.087979777,0.650116877,0.054545567,0.238489946,0.028125172,0.539391654,0.115277619,0.671459131,0.061909018,0.158623164,0.08741904,0.161991585,0.027637406,3,1.58113883
NLRP5,0.332287814,0.053817986,0.62544259,0.059476579,0.240355329,0.044021667,0.641514727,0.032109445,0.240740855,0.036919227,0.557118617,0.171383291,0.659328566,0.062083752,0.165124223,0.087457484,0.164142122,0.01762357,3,1.58113883
NLRP8,0.345244292,0.056321583,0.649047573,0.04438488,0.316397363,0.07544281,0.656685367,0.041669871,0.264209575,0.066430434,0.520387847,0.061011178,0.687338273,0.061734781,0.167343266,0.044827787,0.174941561,0.032588309,3,1.58113883
NLRP9,0.321387797,0.074213139,0.688114904,0.07421697,0.276523176,0.077168633,0.691117345,0.047030879,0.22573975,0.069105518,0.593406593,0.085562701,0.706562462,0.053706932,0.209041926,0.070077752,0.125268817,0.032820856,3,1.58113883
NOS1,0.367985316,0.079898164,0.699146409,0.036542383,0.397455162,0.049770989,0.678143993,0.01516711,0.282083333,0.058400259,0.540595238,0.166535025,0.707632368,0.02980558,0.198869661,0.102313904,0.179336138,0.034442616,3,1.58113883
NOTCH4,0.292506794,0.057869533,0.595178861,0.053408945,0.257852665,0.057921314,0.6371669,0.050453845,0.20965252,0.044637354,0.496043956,0.104029433,0.661871957,0.067163952,0.119972088,0.071338693,0.15116877,0.010401926,3,1.58113883
NPAP1,0.376626548,0.116353871,0.613561441,0.078451852,0.359870435,0.132404978,0.630832165,0.088648122,0.320705348,0.127179061,0.470962733,0.08832873,0.678360757,0.102039314,0.139309681,0.160162595,0.231019168,0.034078789,3,1.58113883
NRAS,0.5238143,0.050104628,0.743986818,0.04218864,0.558653145,0.07156451,0.682491819,0.010004293,0.444218424,0.056278368,0.647533376,0.087117388,0.696846755,0.027118017,0.312320935,0.051104779,0.274357176,0.042708094,3,1.58113883
NRK,0.308593565,0.035406156,0.650771557,0.064238992,0.29410571,0.079540233,0.665497896,0.071650872,0.214090354,0.032979648,0.595387488,0.148014967,0.680428572,0.08522692,0.187486353,0.078085396,0.129499766,0.036123516,3,1.58113883
NRXN1,0.306174941,0.043342736,0.656020511,0.046406988,0.307322601,0.02627367,0.64801309,0.023652605,0.223492063,0.027364269,0.494617539,0.11292498,0.67897551,0.026214386,0.130729095,0.076406035,0.159841047,0.016095247,3,1.58113883
NWD1,0.25218494,0.056401024,0.604398224,0.147304633,0.277429884,0.101403934,0.632959327,0.050511211,0.180438056,0.037990924,0.502222222,0.297562111,0.668609051,0.07449532,0.103140012,0.14420666,0.144647031,0.052919017,3,1.58113883
OBSCN,0.427426713,0.085899514,0.647342982,0.098345188,0.427624545,0.114075754,0.635203366,0.080652673,0.359318361,0.079486494,0.534821788,0.100685507,0.671711339,0.070011542,0.183754088,0.151306838,0.254815334,0.043080124,3,1.58113883
OSMR,0.247412869,0.095479975,0.61960061,0.108839809,0.252466118,0.136228864,0.658532024,0.061456135,0.170725275,0.075263479,0.478146853,0.171771851,0.68411592,0.070515522,0.110879683,0.126773896,0.118817204,0.020316377,3,1.58113883
OTOGL,0.294011074,0.111819401,0.595707871,0.121469475,0.245806487,0.087760671,0.665077139,0.053397245,0.215592556,0.097831767,0.479166667,0.120905151,0.694477964,0.055384422,0.134455964,0.121741383,0.144693782,0.033743275,3,1.58113883
PAPPA,0.378268329,0.131332259,0.7135333,0.108402039,0.40511982,0.115577976,0.691257597,0.04392514,0.286673895,0.114224519,0.569962094,0.166389373,0.713334582,0.039883587,0.227203976,0.152310701,0.166316036,0.031273947,3,1.58113883
PAPPA2,0.436460644,0.100306767,0.686346951,0.104092273,0.429119399,0.11102937,0.648176718,0.092688596,0.356629571,0.079775913,0.584665601,0.173902832,0.677985654,0.053544563,0.218035632,0.194311975,0.243969144,0.069741993,3,1.58113883
PCDH15,0.435092113,0.104393876,0.658310666,0.072342477,0.441301531,0.156207936,0.643828892,0.067809016,0.374869527,0.101720205,0.520553273,0.105213599,0.686367339,0.059699645,0.190324571,0.14679816,0.263417485,0.032117208,3,1.58113883
PCDH18,0.402385042,0.051480065,0.680399517,0.052816514,0.360714812,0.135500062,0.66741468,0.022847235,0.303646691,0.070387916,0.633928571,0.103740625,0.67995073,0.045178536,0.246619681,0.057738316,0.181346424,0.04423712,3,1.58113883
PCDHB1,0.236551854,0.050425831,0.624362924,0.091261574,0.242431568,0.127866861,0.643875643,0.060302439,0.161328725,0.044679985,0.495670996,0.116501703,0.667539832,0.074840553,0.105764506,0.059696617,0.114492754,0.031075296,3,1.58113883
PCDHB4,0.306195939,0.080360378,0.64395817,0.106002672,0.235292739,0.111163598,0.699883123,0.072690306,0.222605513,0.087351942,0.547307692,0.112512692,0.721548785,0.092294653,0.195135379,0.091908513,0.118817204,0.021750689,3,1.58113883
PCDHB7,0.327966607,0.079762064,0.736162044,0.058556141,0.33502276,0.172319748,0.704207574,0.0483437,0.225424193,0.056370728,0.642857143,0.182946407,0.717174799,0.044846572,0.238407478,0.121356492,0.116643291,0.031787119,3,1.58113883
PCDHB8,0.306015072,0.117929145,0.654359043,0.116403876,0.292102927,0.145870577,0.654558205,0.070249308,0.221788592,0.099782361,0.515269436,0.142816483,0.677667195,0.066929675,0.147898507,0.14846926,0.144717158,0.03306344,3,1.58113883
PCLO,0.55830684,0.062727753,0.66015437,0.072865641,0.622995395,0.080050111,0.609093034,0.059679988,0.583921628,0.077222271,0.541442298,0.07767646,0.665064103,0.102413752,0.210765161,0.115970558,0.457971014,0.019035105,3,1.58113883
PCSK5,0.342704274,0.131643515,0.689483874,0.053784046,0.348720122,0.056602215,0.667461431,0.032567239,0.258442558,0.107179275,0.544768908,0.206384382,0.691822784,0.044056475,0.186902904,0.152321628,0.16430575,0.047414383,3,1.58113883
PDE1A,0.256800734,0.141938248,0.626538889,0.071943333,0.219738864,0.109704574,0.678120617,0.030757433,0.176285061,0.100980886,0.478961039,0.231275329,0.699058143,0.026278028,0.129208021,0.167223052,0.116619916,0.030739152,3,1.58113883
PDE1C,0.304160283,0.053911747,0.638440828,0.083367637,0.232753509,0.087056674,0.691234222,0.035246172,0.216292455,0.033623411,0.540764791,0.147176421,0.715090012,0.060241631,0.181169365,0.067616122,0.129569892,0.022836471,3,1.58113883
PDE4DIP,0.291489742,0.142131891,0.630578752,0.148828494,0.236133595,0.138781629,0.665053763,0.061942651,0.206411943,0.119299915,0.539569378,0.24465389,0.682366961,0.070471968,0.16011916,0.17167633,0.13172043,0.042496822,3,1.58113883
PDZD2,0.198755864,0.105510947,0.565081317,0.109944006,0.202060271,0.098294381,0.587400655,0.075596973,0.1359293,0.072221068,0.395457875,0.231495108,0.614206917,0.098571539,0.01130593,0.135732647,0.131790556,0.033712656,3,1.58113883
PEG3,0.319951489,0.050188059,0.630806582,0.051455231,0.309899948,0.065019533,0.634969612,0.024891024,0.241682341,0.030582263,0.498934618,0.161110825,0.670870881,0.029249882,0.12815175,0.100705894,0.181463301,0.040326612,3,1.58113883
PIK3C2G,0.301326774,0.037550206,0.638500255,0.045440242,0.318387427,0.076164604,0.663183731,0.028234988,0.222800587,0.025781087,0.4725,0.085167319,0.698278265,0.043354043,0.131141935,0.043975917,0.155516597,0.016398978,3,1.58113883
PKD1L1,0.306253697,0.060532652,0.677408471,0.090235977,0.270909239,0.075558354,0.65229079,0.057862283,0.215236962,0.056955613,0.552121212,0.098970829,0.66963431,0.065275478,0.16046098,0.090303711,0.138312295,0.018556159,3,1.58113883
PKHD1,0.351215406,0.074663975,0.696857546,0.024360996,0.322989622,0.043174957,0.680388032,0.052691045,0.248491159,0.067892876,0.621198801,0.100408357,0.689833162,0.065345403,0.228555075,0.086421058,0.138195418,0.018967708,3,1.58113883
PKHD1L1,0.547383498,0.060619653,0.673132779,0.102455813,0.513625964,0.102737309,0.661009818,0.053350025,0.497924284,0.075165099,0.610938736,0.040677623,0.685495731,0.068198257,0.285518931,0.094212954,0.33482936,0.030213044,3,1.58113883
PLCB1,0.326959124,0.109487237,0.655775049,0.062133699,0.249238361,0.0717893,0.704207574,0.052313766,0.232582352,0.084360169,0.567174002,0.164128229,0.722620728,0.05118874,0.209933602,0.131589004,0.127395979,0.035908748,3,1.58113883
PLCB4,0.409394924,0.110342662,0.69055427,0.089337189,0.420731599,0.082269757,0.663113604,0.060573078,0.317784765,0.094701889,0.579843706,0.128111659,0.680566445,0.061472023,0.219736274,0.137060945,0.200958392,0.033672518,3,1.58113883
PLCE1,0.324921432,0.023711168,0.69016488,0.04218968,0.31059615,0.075545817,0.687026648,0.0453983,0.238833978,0.017516777,0.527789988,0.121572965,0.716282392,0.05519729,0.180554432,0.063135855,0.146774194,0.030539862,3,1.58113883
PLCH1,0.319311583,0.159805096,0.671180513,0.078120858,0.335679857,0.144988124,0.678330996,0.073766843,0.241981237,0.142538021,0.488795518,0.18979206,0.711243692,0.065228095,0.160876999,0.199868854,0.151215521,0.023198312,3,1.58113883
PLG,0.232572371,0.079832059,0.622187462,0.100840966,0.224196029,0.12715697,0.613020103,0.1591374,0.166222184,0.073601328,0.482575758,0.163134049,0.636962571,0.195394012,0.091146333,0.088260367,0.11659654,0.031643432,3,1.58113883
PLXNA4,0.279783043,0.116006261,0.632521102,0.100035271,0.318492176,0.166032889,0.654347826,0.046631568,0.20136681,0.094412871,0.491709402,0.163542827,0.680226038,0.046078623,0.128379825,0.130949421,0.138148668,0.048126882,3,1.58113883
POM121L12,0.241196911,0.053148194,0.670260483,0.091601477,0.250426096,0.049268354,0.660822814,0.039523801,0.162405122,0.04127642,0.492740593,0.138724597,0.683579821,0.041369412,0.113716185,0.082021327,0.112412342,0.026543238,3,1.58113883
POTEG,0.253980802,0.147468767,0.638081889,0.07488048,0.240693038,0.110917221,0.641421225,0.057714839,0.173421124,0.12082039,0.548787879,0.167519855,0.650821744,0.052529002,0.136614734,0.147087453,0.112085086,0.055883852,3,1.58113883
PPFIA2,0.278021512,0.05094053,0.647733691,0.088708078,0.263323758,0.065983857,0.654347826,0.049761327,0.198359367,0.041271512,0.5,0.179505494,0.682544795,0.072388807,0.129027017,0.089561697,0.138195418,0.023063842,3,1.58113883
PPP1R3A,0.326296891,0.087020906,0.693402702,0.098988456,0.344749282,0.077637258,0.639364189,0.079469971,0.239379264,0.060297617,0.524646465,0.163217446,0.665584995,0.072394151,0.141885167,0.154269927,0.170617111,0.037060567,3,1.58113883
PRB2,0.28096273,0.07909009,0.685154152,0.122804366,0.288193267,0.068521211,0.691187471,0.048480903,0.197510798,0.066677965,0.594474153,0.270457626,0.715012945,0.052190519,0.184355236,0.119467248,0.116643291,0.050134667,3,1.58113883
PRDM9,0.363865902,0.098961494,0.650196471,0.089040736,0.299098474,0.088427409,0.693221131,0.051403742,0.273623188,0.098909195,0.569954751,0.136744672,0.715020243,0.068926879,0.224407878,0.117178012,0.153295933,0.020252064,3,1.58113883
PREX2,0.402259163,0.073813088,0.658986849,0.048623413,0.374761146,0.076590577,0.663043478,0.030359473,0.317698779,0.06735394,0.553055556,0.090076699,0.689107727,0.045662812,0.205956251,0.068312183,0.207246377,0.031924169,3,1.58113883
PRUNE2,0.316578659,0.053537786,0.633050318,0.015901024,0.305955215,0.09836624,0.628447873,0.029976399,0.241396939,0.065054908,0.48702381,0.052993577,0.66193822,0.050969067,0.119261619,0.036232164,0.179312763,0.041805597,3,1.58113883
PTPRB,0.335045823,0.101300529,0.614566317,0.090206717,0.337123085,0.090135205,0.628471248,0.028594227,0.267139998,0.099065896,0.478306878,0.103941661,0.667814874,0.032236414,0.121093256,0.089615223,0.203202431,0.067016201,3,1.58113883
PTPRD,0.315212284,0.129713583,0.609130365,0.06904871,0.309563119,0.120935204,0.648059841,0.055901351,0.245516768,0.120009155,0.471510059,0.133828398,0.68481984,0.057503539,0.129054951,0.134072853,0.174824684,0.059329256,3,1.58113883
PTPRK,0.29488491,0.095575633,0.696641307,0.10362739,0.367627248,0.152990258,0.676203834,0.044195413,0.200055556,0.071835841,0.571746032,0.15847508,0.688961474,0.043392489,0.179806223,0.119537611,0.118817204,0.020502113,3,1.58113883
PTPRN2,0.281395606,0.123152321,0.678046527,0.134738203,0.30438635,0.116839353,0.667227676,0.056588976,0.189863164,0.087861383,0.574393939,0.246865334,0.679939987,0.048114886,0.169365473,0.174510197,0.116573165,0.031521243,3,1.58113883
PTPRT,0.435462212,0.036904524,0.662352327,0.057382543,0.430825087,0.066223213,0.632865825,0.024703727,0.362871622,0.067334098,0.570947229,0.096511241,0.661158581,0.033280942,0.201067203,0.058526949,0.256848995,0.066272201,3,1.58113883
PXDNL,0.246323008,0.080967348,0.619097189,0.039100815,0.278903121,0.056658406,0.630715288,0.028056407,0.186148513,0.061875859,0.37428911,0.133961645,0.681385208,0.037545934,0.042282021,0.092804006,0.166316036,0.031071274,3,1.58113883
RBP3,0.294538481,0.136947793,0.682910237,0.119151128,0.278478411,0.143739746,0.678284245,0.085364165,0.207037984,0.108543144,0.557762238,0.147011736,0.694047716,0.086106385,0.181271116,0.158146435,0.114539504,0.038014427,3,1.58113883
RELN,0.340793977,0.099632952,0.620819302,0.079267451,0.321091185,0.107037177,0.645932679,0.045374011,0.26755884,0.0920406,0.487936508,0.083822912,0.682069427,0.050513274,0.143153539,0.099613647,0.188008415,0.046601679,3,1.58113883
RFX6,0.26048906,0.08033507,0.665042544,0.061688395,0.291853552,0.111839402,0.688920056,0.052144036,0.186916166,0.068644051,0.449148629,0.119281226,0.72283403,0.052215734,0.124655103,0.10965946,0.121014493,0.021253248,3,1.58113883
RGPD3,0.342248978,0.083626378,0.703574928,0.092066517,0.260645349,0.073451208,0.667601683,0.071842648,0.24156593,0.074267866,0.61010989,0.122559253,0.678694497,0.071763943,0.209450571,0.127875649,0.140345956,0.019880507,3,1.58113883
RGPD4,0.465115185,0.073879169,0.709916773,0.096002921,0.400952942,0.0706413,0.680388032,0.057021602,0.364606732,0.073038309,0.663276888,0.141812999,0.689600624,0.051628611,0.29201045,0.128055459,0.213721365,0.043409368,3,1.58113883
RGS7,0.204060719,0.086066171,0.610222985,0.062891983,0.218360566,0.082770086,0.660963067,0.08761053,0.143437408,0.06836585,0.367243867,0.10039236,0.697060307,0.092255555,0.049218575,0.111748235,0.114399252,0.028832575,3,1.58113883
RIMS1,0.264444444,0.078626324,0.686825881,0.092618139,0.295238686,0.1118424,0.715007013,0.059469035,0.188108495,0.056853538,0.46489899,0.154165581,0.746832436,0.060871,0.148319592,0.108101945,0.112365591,0.030557436,3,1.58113883
RIMS2,0.274349243,0.0404609,0.670724628,0.06350596,0.280972897,0.073431248,0.66970547,0.036957087,0.191198768,0.042061814,0.549709114,0.185944634,0.693162849,0.050972157,0.155992479,0.078189226,0.123048153,0.043272169,3,1.58113883
RNF17,0.295110517,0.109646032,0.684361608,0.112312535,0.26706191,0.128058997,0.667601683,0.075084929,0.201878546,0.082654095,0.577142857,0.19758749,0.677679107,0.087967571,0.177962001,0.127951364,0.121014493,0.035582256,3,1.58113883
ROBO2,0.306073329,0.119092353,0.634813316,0.047320934,0.281870024,0.099252527,0.669728845,0.063134401,0.217131487,0.096446396,0.531794872,0.133056913,0.688361114,0.06133961,0.164836423,0.137623939,0.133870968,0.029869986,3,1.58113883
ROS1,0.335239271,0.054984796,0.64926658,0.059415622,0.330094876,0.034121364,0.643571763,0.027317444,0.253745174,0.029552637,0.500614035,0.138737853,0.677003193,0.024801089,0.140143457,0.094647468,0.183613838,0.020488183,3,1.58113883
RP1,0.538567139,0.076878452,0.70328815,0.067289545,0.602353678,0.104194468,0.648153343,0.064040814,0.490062948,0.104308294,0.605302227,0.053890964,0.672064403,0.077635194,0.266656311,0.122001483,0.339270687,0.043310665,3,1.58113883
RP1L1,0.323432777,0.063320906,0.614662186,0.063705757,0.322792965,0.060031958,0.63941094,0.049938198,0.243469994,0.040979712,0.487439782,0.124959759,0.674524057,0.030275703,0.125137868,0.113063695,0.181299673,0.036132534,3,1.58113883
RPTN,0.303560319,0.119416066,0.661623894,0.120977844,0.28297363,0.09647167,0.658882655,0.082852372,0.213477018,0.084499906,0.539487179,0.23671368,0.679899428,0.070163093,0.154402945,0.192413244,0.140299205,0.031854259,3,1.58113883
RUNX1T1,0.3022298,0.111232438,0.692883933,0.106718658,0.304241753,0.138953454,0.706287985,0.044538896,0.208515406,0.075064436,0.559786325,0.231698056,0.724805905,0.03614269,0.194820533,0.154764312,0.118700327,0.031012042,3,1.58113883
RYR1,0.465051804,0.046987112,0.6791258,0.039174103,0.403387772,0.056253177,0.680388032,0.042499522,0.376553006,0.024952781,0.614272057,0.108023246,0.702610155,0.027501592,0.271714086,0.096545443,0.228915381,0.030654066,3,1.58113883
RYR2,0.383995767,0.066371688,0.638863226,0.069386943,0.365707789,0.039052089,0.641491351,0.066826059,0.319038583,0.042150112,0.487030812,0.120276554,0.691206148,0.041617034,0.152059505,0.133330429,0.233216456,0.043108114,3,1.58113883
RYR3,0.377672915,0.04719826,0.666016655,0.066096969,0.369562724,0.063773923,0.663277232,0.053157217,0.287576424,0.039238056,0.555746474,0.083008429,0.687566274,0.059594352,0.197011119,0.081431259,0.183567087,0.016811941,3,1.58113883
SACS,0.371521024,0.091933902,0.69059072,0.048671725,0.296018823,0.103714837,0.695441795,0.038605038,0.262963099,0.082628699,0.662261905,0.043634647,0.701125498,0.041870966,0.263883201,0.077447801,0.136091632,0.032187862,3,1.58113883
SALL1,0.327145094,0.057925665,0.660885165,0.067154801,0.314112262,0.079496379,0.656591865,0.013749927,0.245164655,0.058513587,0.513076923,0.101962982,0.687423347,0.026183599,0.15507099,0.065805719,0.166362786,0.036686697,3,1.58113883
SAMD9,0.26532555,0.070768804,0.622528229,0.065537107,0.247565885,0.067984755,0.654488079,0.032365911,0.185176749,0.052393176,0.473636364,0.120726299,0.681788354,0.025732719,0.11179487,0.09536729,0.131813932,0.018379896,3,1.58113883
SAMD9L,0.353474695,0.053440545,0.683812659,0.033660178,0.394523773,0.088583527,0.693408135,0.026680165,0.261105561,0.068163981,0.584097657,0.073860134,0.715244497,0.043916296,0.223159469,0.034366304,0.147031323,0.039481872,3,1.58113883
SCN10A,0.363483254,0.079979767,0.597352936,0.062464486,0.358011529,0.076921957,0.6114072,0.065543715,0.317510003,0.107769774,0.449182957,0.063365161,0.668752431,0.090564473,0.110907016,0.107813855,0.246446938,0.052346931,3,1.58113883
SCN11A,0.433764945,0.076134617,0.657010227,0.08309705,0.399286005,0.06291213,0.626460963,0.062997703,0.355277988,0.068218382,0.58085978,0.130919235,0.648629427,0.069279603,0.199349699,0.12139904,0.252571295,0.053408973,3,1.58113883
SCN1A,0.380593171,0.087498259,0.675372811,0.055722606,0.348684776,0.126189948,0.67398317,0.055860234,0.289868702,0.085354821,0.578253119,0.079483704,0.696196834,0.062583378,0.219636385,0.099039178,0.172837775,0.030781673,3,1.58113883
SCN2A,0.311581225,0.08625232,0.633611915,0.06091501,0.275529365,0.072350458,0.647942964,0.034517375,0.229729522,0.082536952,0.514714286,0.100055597,0.671432121,0.045006797,0.140296563,0.058477608,0.161898083,0.066128367,3,1.58113883
SCN3A,0.271690215,0.077517187,0.675446072,0.055248568,0.251663716,0.118172992,0.63059841,0.073744859,0.186877284,0.071361833,0.526688034,0.081769529,0.645097345,0.089494185,0.12266834,0.081131473,0.129710145,0.030272328,3,1.58113883
SCN5A,0.402668956,0.090658471,0.687440603,0.070333261,0.405076876,0.102616584,0.680434783,0.039802117,0.320342473,0.05826082,0.552119514,0.180903164,0.713473684,0.040494138,0.221419739,0.131777504,0.20086489,0.01958233,3,1.58113883
SCN7A,0.281792082,0.059983085,0.685328541,0.044809753,0.278264205,0.074573194,0.662996727,0.027831416,0.19115958,0.053502462,0.571464646,0.131639309,0.678061562,0.014927973,0.16286648,0.082582036,0.121107994,0.043493842,3,1.58113883
SCN9A,0.346442919,0.081978952,0.651697822,0.074090514,0.330319291,0.047169807,0.650210379,0.053466004,0.256447964,0.072789964,0.545299145,0.092083853,0.671945279,0.049058039,0.169581486,0.107441013,0.170733988,0.033388644,3,1.58113883
SDK1,0.291718414,0.022178267,0.656678546,0.046385955,0.245889963,0.044515427,0.641561477,0.051440335,0.196393387,0.020664224,0.581142191,0.08786806,0.650952982,0.064445366,0.15935922,0.046806378,0.12744273,0.014192406,3,1.58113883
SEZ6L,0.292444005,0.036452419,0.672603252,0.029252057,0.251736261,0.044822134,0.667367929,0.024783446,0.206091768,0.044209535,0.555331825,0.114238016,0.688579822,0.052138064,0.167336497,0.037684973,0.129453015,0.036018009,3,1.58113883
SH3RF2,0.340818023,0.08089072,0.745160207,0.084600339,0.359210534,0.148461165,0.695605423,0.051451699,0.234444444,0.05897792,0.633449883,0.134417204,0.704838242,0.046834562,0.236776964,0.114831658,0.123094904,0.012052908,3,1.58113883
SI,0.413308691,0.06702197,0.677954914,0.029819671,0.380877472,0.061065531,0.658765778,0.023386159,0.333050357,0.061588581,0.545708093,0.069042643,0.688230641,0.027540565,0.202785318,0.06316178,0.222370266,0.036293437,3,1.58113883
SLC15A2,0.274535063,0.094857201,0.652561749,0.10750427,0.301812715,0.094230397,0.66944834,0.048179888,0.191819011,0.073701985,0.550793651,0.224169473,0.693411272,0.049181477,0.158193608,0.143659862,0.122954652,0.048108571,3,1.58113883
SLC8A3,0.249558148,0.125910173,0.601476134,0.088380678,0.238150079,0.155542486,0.656521739,0.070684305,0.184006989,0.117694279,0.439166667,0.16821159,0.693247159,0.075708952,0.096884053,0.162429742,0.13172043,0.036067317,3,1.58113883
SLC9A4,0.284662192,0.077531154,0.684516791,0.089449989,0.28533334,0.119134162,0.665100514,0.041063416,0.190613382,0.062798206,0.585606061,0.106484542,0.675758942,0.035683819,0.173604397,0.0922513,0.11456288,0.029705446,3,1.58113883
SLC9C2,0.30091666,0.123185503,0.619620282,0.110063971,0.287283868,0.115858003,0.650140252,0.061433292,0.218978131,0.099339931,0.504901961,0.18660188,0.679470246,0.045124898,0.135720667,0.170630544,0.153482936,0.034387821,3,1.58113883
SLCO1B3,0.268327693,0.067484221,0.693829659,0.06698533,0.250839961,0.051486509,0.684455353,0.070121084,0.187267206,0.05391994,0.518434343,0.220037035,0.709010468,0.087999543,0.151788433,0.112308938,0.116666667,0.025884558,3,1.58113883
SLCO6A1,0.239899361,0.078658278,0.6100746,0.057449608,0.191059756,0.078597085,0.660939691,0.041998722,0.162815126,0.054124677,0.479822955,0.167049481,0.687495225,0.046430983,0.108565252,0.114614528,0.116526414,0.027398881,3,1.58113883
SLIT2,0.362961189,0.096261734,0.681517889,0.050497768,0.345310263,0.077375212,0.665381019,0.060333353,0.266570828,0.076041137,0.57606658,0.140231801,0.682663938,0.05465664,0.202123075,0.135936743,0.164118747,0.017410443,3,1.58113883
SLIT3,0.327374965,0.063586919,0.652658749,0.072291763,0.3580624,0.12684258,0.66741468,0.052528242,0.241413406,0.070540246,0.546666667,0.091077991,0.691984667,0.068709823,0.179826591,0.070015153,0.149041608,0.03180381,3,1.58113883
SNAP91,0.258285908,0.11389318,0.60344145,0.074902598,0.212794013,0.10642805,0.682725573,0.05380748,0.18363481,0.103139555,0.488253968,0.083220634,0.707337927,0.063290869,0.139535084,0.101078277,0.112342216,0.041715561,3,1.58113883
SNCAIP,0.313165862,0.097759114,0.599025976,0.090969493,0.277999274,0.046709331,0.624123422,0.052556737,0.234760101,0.072014811,0.472308222,0.154153329,0.658486237,0.028210777,0.103526153,0.145592579,0.183567087,0.020082728,3,1.58113883
SORCS3,0.355095497,0.080827272,0.688242666,0.099062022,0.349670869,0.05049599,0.676040206,0.059579121,0.267984716,0.079079921,0.553846154,0.13488983,0.701689189,0.071362996,0.199523788,0.111857808,0.162131837,0.030599741,3,1.58113883
SORL1,0.374638098,0.052671988,0.644330183,0.050701918,0.315421221,0.059867573,0.656451613,0.074664566,0.280962297,0.055435678,0.580424837,0.075902905,0.672914103,0.098667551,0.203674833,0.070368749,0.174894811,0.013223283,3,1.58113883
SPAG17,0.292066373,0.073468547,0.603056061,0.063924486,0.254192598,0.059193616,0.652244039,0.058574036,0.209748028,0.066165768,0.500326797,0.098327463,0.679255374,0.055923225,0.130976902,0.104891494,0.144717158,0.032871801,3,1.58113883
SPEF2,0.351418764,0.0581954,0.655128485,0.111871847,0.322025448,0.100470256,0.632702197,0.096020934,0.249253755,0.055461354,0.617460317,0.09112307,0.636347227,0.109228027,0.188714919,0.113658538,0.159841047,0.032859873,3,1.58113883
SPEG,0.240247096,0.065457246,0.641852499,0.090090333,0.271966838,0.123689087,0.654511454,0.052101278,0.166318926,0.043979432,0.446288156,0.153978919,0.68631968,0.048027906,0.089306511,0.115772857,0.125175316,0.021743529,3,1.58113883
SPHKAP,0.438380019,0.043390004,0.673598878,0.040515947,0.459935007,0.092020853,0.647966339,0.024374539,0.38657329,0.057059626,0.518894009,0.083741752,0.699103357,0.032664622,0.199226336,0.059373798,0.269869098,0.046784846,3,1.58113883
SPTA1,0.412965926,0.085926784,0.671941854,0.080222562,0.464358912,0.060198641,0.6542777,0.04585328,0.357751893,0.063369766,0.502862283,0.14900983,0.709017145,0.040391993,0.187315446,0.121744944,0.250537634,0.044610653,3,1.58113883
ST18,0.290151111,0.074990213,0.594352222,0.063422618,0.262914021,0.064287217,0.637143525,0.062258593,0.219794872,0.051988215,0.447857143,0.158146148,0.680326837,0.072803079,0.097767206,0.124197508,0.170593735,0.026532068,3,1.58113883
ST6GAL2,0.276909116,0.051766308,0.639666222,0.052647241,0.236232555,0.067048536,0.665287518,0.015405264,0.194690799,0.043419323,0.494731935,0.102829388,0.69209458,0.030128042,0.132864653,0.057720534,0.131813932,0.021294151,3,1.58113883
STAB1,0.239562226,0.041302641,0.592300826,0.094153409,0.193611444,0.038102141,0.641584853,0.044154749,0.163630952,0.031743831,0.481196581,0.144087456,0.669090946,0.0356453,0.094151557,0.098983251,0.125245442,0.042708974,3,1.58113883
STAB2,0.386462009,0.083837545,0.696370859,0.073821717,0.382686565,0.11925059,0.654347826,0.050785571,0.293630952,0.074664902,0.57924391,0.141054342,0.672267239,0.058160197,0.204049599,0.116730846,0.1900187,0.028725896,3,1.58113883
STK31,0.305105966,0.085703203,0.67884327,0.049338216,0.306558658,0.126296844,0.663066854,0.054234375,0.217802198,0.079741495,0.540730838,0.109491353,0.683827763,0.063775403,0.164957426,0.100215419,0.136138382,0.027662528,3,1.58113883
STXBP5L,0.402214441,0.067688413,0.669995025,0.076159933,0.436754058,0.138071213,0.671598878,0.052025543,0.325845649,0.080892039,0.552173489,0.125533563,0.707548579,0.054916439,0.216295325,0.109417522,0.205165965,0.050907273,3,1.58113883
SVEP1,0.431572496,0.115874847,0.694045589,0.04515423,0.414185186,0.109671371,0.667461431,0.064817643,0.339780762,0.128190945,0.620769231,0.052157196,0.680731695,0.072631268,0.254788229,0.121367579,0.203132305,0.0509943,3,1.58113883
SYNE1,0.411243644,0.06063767,0.64254071,0.059705445,0.420067877,0.0807281,0.630785414,0.041385203,0.352886921,0.06717536,0.503050361,0.077990423,0.677056952,0.047482974,0.162800224,0.083523336,0.259303413,0.041293307,3,1.58113883
TACC2,0.396731787,0.069492566,0.716404968,0.084076369,0.462255465,0.069821535,0.67173913,0.050486122,0.297838944,0.044080549,0.606703297,0.163304944,0.689736842,0.033084799,0.230532423,0.129402934,0.183637214,0.036859692,3,1.58113883
TAF1L,0.361668584,0.072843766,0.724962502,0.115961096,0.31174245,0.073063906,0.708485273,0.078361958,0.267180961,0.057978871,0.596590909,0.22970277,0.7352895,0.063031529,0.233652005,0.15836132,0.146891071,0.048046801,3,1.58113883
TCHHL1,0.338190574,0.024408206,0.70295663,0.02981895,0.306985932,0.100105569,0.69770921,0.033089066,0.239775447,0.018715716,0.599467199,0.148489288,0.714623122,0.058622,0.224733769,0.051577703,0.131813932,0.014821373,3,1.58113883
TDRD5,0.323674724,0.09085291,0.720920009,0.072330962,0.304245179,0.101191202,0.69770921,0.071107681,0.225784799,0.06958579,0.590522876,0.159527676,0.711950136,0.079168026,0.210157468,0.121519026,0.125222066,0.037562071,3,1.58113883
TENM1,0.303700004,0.068952917,0.580054952,0.035501059,0.27675531,0.109875852,0.624146798,0.039119814,0.232947255,0.0738134,0.465329768,0.078304924,0.660320059,0.057170457,0.100521485,0.033332478,0.181182796,0.055919065,3,1.58113883
TENM2,0.304429773,0.08546665,0.668842898,0.052577942,0.235073394,0.092423486,0.673819542,0.050638752,0.212321491,0.070539578,0.562820513,0.094707418,0.690883456,0.048487048,0.17816233,0.100012873,0.127512856,0.030334491,3,1.58113883
TENM3,0.38625948,0.125182451,0.691922813,0.077292963,0.371188231,0.147825722,0.66517064,0.064119731,0.315329502,0.126696029,0.537908497,0.121698574,0.69945085,0.076615668,0.2021025,0.130826798,0.200631136,0.06601482,3,1.58113883
TENM4,0.23589887,0.042902082,0.59700417,0.088879468,0.251082995,0.089785958,0.645956054,0.046909312,0.169716013,0.040724927,0.41031746,0.067085795,0.684614144,0.061382504,0.069826462,0.052741407,0.133964469,0.025200003,3,1.58113883
TEX15,0.319783264,0.124934763,0.700084859,0.106927044,0.332943962,0.092503699,0.712762973,0.083669337,0.229455867,0.097568747,0.536363636,0.171285852,0.736916591,0.078878222,0.201172928,0.17159616,0.120944367,0.004566738,3,1.58113883
TG,0.27320765,0.047704321,0.609450316,0.070405211,0.229781218,0.055823324,0.652337541,0.06418474,0.193654082,0.039503279,0.48525641,0.117929555,0.679820862,0.073497632,0.118093612,0.089497231,0.136068256,0.023544909,3,1.58113883
THEMIS,0.301767813,0.049725732,0.662865207,0.135622696,0.230348645,0.077247766,0.658765778,0.038282594,0.205782205,0.047833651,0.670576923,0.241846877,0.668980339,0.049223324,0.20647824,0.103566416,0.123235157,0.050105136,3,1.58113883
THSD7B,0.485176522,0.051824131,0.652678792,0.039983435,0.472479833,0.081288185,0.630785414,0.032040516,0.428377672,0.051330845,0.57207516,0.1049211,0.660679844,0.052367056,0.217792102,0.076906932,0.308929406,0.036284196,3,1.58113883
TLL1,0.32874948,0.084415691,0.595705138,0.084210288,0.287472736,0.048224182,0.626320711,0.044976058,0.255102339,0.059094274,0.464239029,0.140176808,0.666728817,0.032775638,0.106834801,0.121838924,0.200888266,0.025077331,3,1.58113883
TLR4,0.317769368,0.101303325,0.720914776,0.097745629,0.320593848,0.078786682,0.688779804,0.076370246,0.214063747,0.075301249,0.629370629,0.135215717,0.693975875,0.075806059,0.219005632,0.128327669,0.114516129,0.029289817,3,1.58113883
TMC5,0.347300245,0.072566503,0.668517553,0.08086308,0.342702173,0.159061343,0.662926601,0.048535154,0.250750399,0.063856936,0.588333333,0.115597782,0.677546138,0.05916557,0.19792637,0.087946042,0.155563347,0.033136034,3,1.58113883
TMEM132B,0.333135921,0.108513907,0.621498957,0.077352876,0.288076,0.096838286,0.648106592,0.059128778,0.248708588,0.079087902,0.512826797,0.185622012,0.676726046,0.050407082,0.150115371,0.159910992,0.172744273,0.016504098,3,1.58113883
TMEM132D,0.291864837,0.098331606,0.659077126,0.118570206,0.261488196,0.11047853,0.689060309,0.019260543,0.198723281,0.071100883,0.570629371,0.180052319,0.702777709,0.033695632,0.18713848,0.114344917,0.114539504,0.027411218,3,1.58113883
TNN,0.247247311,0.059607315,0.646033146,0.097560869,0.26914746,0.100137451,0.665381019,0.038777119,0.170947802,0.043327353,0.463636364,0.153337525,0.693246121,0.05742929,0.108863095,0.075774432,0.120944367,0.017604143,3,1.58113883
TNR,0.382339192,0.037554107,0.659200851,0.049573022,0.31087283,0.07968386,0.649976625,0.0543063,0.289139744,0.03225054,0.572794118,0.088250611,0.668427888,0.065225196,0.194330851,0.076073067,0.190135577,0.027833232,3,1.58113883
TNXB,0.399406979,0.084329828,0.667790803,0.087856189,0.321332624,0.040387194,0.656521739,0.071056505,0.301159245,0.058594604,0.597254902,0.154115651,0.672818301,0.055545631,0.215525799,0.153807912,0.19226274,0.023747333,3,1.58113883
TP53,0.417465558,0.096129442,0.775448304,0.054476781,0.457499468,0.088444543,0.721505376,0.045643546,0.307336129,0.092854441,0.673205742,0.089644507,0.729172393,0.054254159,0.307332673,0.094402779,0.149088359,0.035789633,3,1.58113883
TP63,0.336907716,0.061857191,0.640099093,0.062469613,0.277106399,0.072007911,0.665147265,0.045791346,0.245142857,0.041935054,0.553846154,0.159091767,0.686954166,0.059384334,0.181342669,0.096619697,0.157713885,0.025182271,3,1.58113883
TPO,0.264286612,0.104756247,0.653439637,0.097126258,0.248188203,0.074714832,0.671622253,0.059545075,0.185447208,0.086833677,0.494545455,0.20039956,0.69843125,0.055184444,0.132692962,0.153786214,0.120897616,0.026522412,3,1.58113883
TPTE,0.382627282,0.070778483,0.638623397,0.083511274,0.33880071,0.089083498,0.641374474,0.058503972,0.299850342,0.066285302,0.532643541,0.07271503,0.670065469,0.054269035,0.170672885,0.10859068,0.207293128,0.02286158,3,1.58113883
TRANK1,0.429064622,0.074173878,0.678924885,0.049297357,0.353597535,0.070910058,0.66970547,0.042077278,0.335928458,0.065065867,0.599493794,0.1045401,0.688309651,0.03414349,0.24062225,0.100508467,0.209490416,0.034684787,3,1.58113883
TRHDE,0.323249311,0.121687573,0.655855335,0.063391633,0.309493062,0.081725529,0.662996727,0.022092173,0.23258118,0.090697158,0.547217195,0.194321825,0.678979582,0.042906311,0.173136526,0.129063821,0.151238897,0.040540248,3,1.58113883
TRIOBP,0.248139361,0.082648708,0.59104883,0.133504937,0.220652761,0.08356495,0.680528284,0.049496677,0.175923402,0.070193812,0.466666667,0.182193426,0.710526668,0.072699323,0.122869308,0.090194322,0.116643291,0.029913218,3,1.58113883
TRPM6,0.301489547,0.05521502,0.707506122,0.066626727,0.348390166,0.106938437,0.667344554,0.021621053,0.207539407,0.043149798,0.590932858,0.186648559,0.682270348,0.028600169,0.181458749,0.093535401,0.129616643,0.042052192,3,1.58113883
TRRAP,0.291249451,0.136279119,0.66802424,0.115707112,0.281014619,0.084360265,0.656708742,0.060213257,0.209173823,0.11018472,0.507245989,0.198410685,0.680510759,0.04913535,0.140623852,0.171564015,0.138265545,0.037159917,3,1.58113883
TSHZ2,0.298424242,0.071809359,0.650325995,0.069237053,0.279135589,0.123164413,0.663020103,0.04771264,0.211942665,0.068885108,0.563055556,0.16672337,0.683458382,0.064621991,0.171218292,0.09671661,0.131790556,0.037890666,3,1.58113883
TTN,0.829733222,0.039733699,0.672403455,0.040773814,0.848717541,0.035359742,0.719308088,0.052426267,0.746803309,0.035063947,0.934498437,0.058063504,0.105236382,0.049776281,0.083588676,0.072495902,0.738779804,0.034189483,3,1.58113883
UNC13C,0.419628543,0.032277798,0.657897923,0.011266928,0.42348239,0.065240366,0.634992987,0.027830238,0.344267538,0.036626528,0.541225296,0.040373709,0.665993789,0.034820445,0.183179565,0.048319691,0.24399252,0.016869532,3,1.58113883
UNC79,0.390795762,0.091866771,0.683532873,0.081500928,0.343721263,0.107211945,0.693267882,0.043760473,0.295634236,0.074309319,0.580021368,0.128292127,0.716074618,0.033999884,0.236111327,0.121205513,0.170640486,0.019366354,3,1.58113883
USH2A,0.487328343,0.029219322,0.690855449,0.026621252,0.533729758,0.059095792,0.648083216,0.047894211,0.445785267,0.041226215,0.544608564,0.065033263,0.696409997,0.05636101,0.228744838,0.07737238,0.308812529,0.041676329,3,1.58113883
USP29,0.243110267,0.017802306,0.606905416,0.04305181,0.212008793,0.040586398,0.637073399,0.023849992,0.171605118,0.013128668,0.435064103,0.107016634,0.672035299,0.038204104,0.073987882,0.054515789,0.138218794,0.023230559,3,1.58113883
VCAN,0.376179759,0.12036803,0.716021263,0.068366832,0.368073393,0.072548834,0.70626461,0.038680334,0.28172046,0.127085403,0.64254902,0.082643046,0.720375777,0.049074769,0.265033385,0.091061557,0.147101449,0.063905756,3,1.58113883
VPS13B,0.278464204,0.070784978,0.639459311,0.107911322,0.262945652,0.063773601,0.622136512,0.043913741,0.186246012,0.047746565,0.563333333,0.16683325,0.631947817,0.044878646,0.132839243,0.113846361,0.131767181,0.019576399,3,1.58113883
VPS13D,0.26639338,0.04863467,0.609048423,0.123298356,0.301986887,0.096067046,0.656661992,0.031794703,0.186562112,0.051526748,0.53981241,0.204640566,0.680761324,0.056849778,0.142317175,0.08538959,0.125175316,0.043218122,3,1.58113883
VWF,0.314925065,0.028331549,0.650336475,0.063291232,0.285591705,0.070981448,0.66313698,0.028873172,0.221697518,0.020238115,0.577594171,0.172478259,0.681645913,0.046575288,0.180671662,0.079673711,0.140416082,0.029609087,3,1.58113883
XDH,0.304890086,0.049982467,0.67150926,0.096640353,0.310998576,0.063510175,0.673679289,0.042531362,0.223988095,0.016311587,0.514603175,0.194776684,0.710020488,0.03706704,0.155721567,0.119704595,0.151355774,0.044652691,3,1.58113883
XIRP1,0.289742409,0.090162618,0.688048318,0.073786204,0.308689004,0.071491097,0.656545115,0.059816708,0.208862314,0.081717416,0.536101793,0.160845897,0.67894196,0.080840471,0.153238281,0.103854988,0.136044881,0.048411652,3,1.58113883
XIRP2,0.501881423,0.101759445,0.650985861,0.101619561,0.484747451,0.12502695,0.639200561,0.08279491,0.456208439,0.086226474,0.562200772,0.13454978,0.677944139,0.064287344,0.227854297,0.173785773,0.326040206,0.041027139,3,1.58113883
ZAN,0.320811527,0.082407658,0.647651947,0.0703069,0.331708687,0.152234671,0.650233754,0.048596374,0.236119371,0.080427846,0.526026148,0.096970926,0.674068308,0.052783752,0.152869017,0.087539161,0.15972417,0.050340071,3,1.58113883
ZDBF2,0.330473672,0.075737659,0.639840706,0.110359011,0.322717846,0.085213673,0.632748948,0.050579033,0.24236014,0.051453809,0.536252396,0.167553699,0.656777989,0.044676084,0.144531591,0.129368618,0.175035063,0.034129558,3,1.58113883
ZFHX3,0.239861819,0.075058065,0.669085086,0.177048493,0.266494768,0.075098095,0.693641889,0.07881424,0.175510328,0.069448606,0.523333333,0.300370142,0.728421276,0.091745279,0.143106599,0.121365556,0.114282375,0.071354772,3,1.58113883
ZFHX4,0.389333948,0.058203572,0.603416414,0.065372586,0.403741847,0.110672511,0.576437588,0.076108812,0.328571194,0.077883372,0.500935048,0.084931166,0.605463989,0.131368217,0.097128448,0.084116245,0.272159888,0.047883628,3,1.58113883
ZFPM2,0.26069237,0.075280491,0.558477433,0.060887979,0.250490075,0.101938726,0.624263675,0.04178893,0.188922004,0.062750426,0.435942536,0.116984229,0.65735612,0.035571466,0.067924673,0.08350841,0.157480131,0.055705468,3,1.58113883
ZNF208,0.339020731,0.090997097,0.661465911,0.102124103,0.304626203,0.133982484,0.662996727,0.054211021,0.244093915,0.073323342,0.579496435,0.164954374,0.680056994,0.05274615,0.1922581,0.130156409,0.151145395,0.030238579,3,1.58113883
ZNF536,0.297743633,0.100138713,0.600560042,0.062625979,0.268745843,0.096751452,0.63941094,0.078693862,0.229378688,0.089427621,0.436950549,0.108458219,0.679719475,0.086014596,0.098560432,0.132671873,0.170733988,0.02980965,3,1.58113883
ZNF560,0.277232188,0.078669888,0.646144858,0.061149179,0.203751669,0.070546988,0.691070594,0.038600173,0.190072751,0.060177192,0.525396825,0.085883441,0.710343349,0.043737944,0.163509236,0.074137142,0.112248714,0.027852636,3,1.58113883
ZNF676,0.296201992,0.123114531,0.679469495,0.128198401,0.275714048,0.076883765,0.66512389,0.047398318,0.199556452,0.098519667,0.630017825,0.214170459,0.670344181,0.047892997,0.196891412,0.147835187,0.116526414,0.042413003,3,1.58113883
ZNF804A,0.386225609,0.057924727,0.650738644,0.041996,0.339469173,0.093356286,0.650070126,0.036566642,0.300748252,0.067845805,0.557762052,0.062224481,0.675016176,0.050813321,0.192863031,0.062216827,0.198620851,0.031417715,3,1.58113883
ZNF831,0.452545345,0.078758417,0.694737405,0.070134295,0.398067235,0.136675426,0.691374474,0.063829828,0.371499432,0.095825183,0.598740032,0.072299625,0.718942233,0.073150693,0.274655058,0.110676713,0.211734455,0.03161752,3,1.58113883
ZNF99,0.29733497,0.127103485,0.655329665,0.12195394,0.296225054,0.109822107,0.658906031,0.049075737,0.210266257,0.096387687,0.543397436,0.227459302,0.677847747,0.061915647,0.159505649,0.160516708,0.138359046,0.034284283,3,1.58113883
